sample	PC1	PC2	ER_label
20c90e97-e900-488e-af6a-6648d9a8bb01	4.196871490684463	-0.04487787267000132	ER+
0a2fa7c7-0810-4d65-b16c-4a1792714802	-0.31131648945571283	-5.054988745073397	ER+
30f32969-5278-4066-bb82-7400cdce8807	-0.8945660038573134	3.710869005232455	ER+
f9e194a1-e5c1-4a1a-840b-4e0246640d09	6.387876890619302	-8.093235985777572	ER+
2a9ed6f1-3f93-43cf-9e47-6690781e1009	5.107549179945251	18.351767927259594	ER+
6203b63e-6d3f-4399-b524-9573a9bd1e11	-7.049409473660713	11.10979014076298	ER+
db138158-49e4-46b2-8ba6-4a72ff418216	-5.726902367192717	1.6856288489080844	ER+
27cf9f15-9e74-462c-b999-980740829e18	-2.9327255322609718	-3.726136287087133	ER+
3420e4dd-879a-44f0-b7bb-5cdd8bd5401a	10.219898577281802	-10.027139026874913	ER+
41c86eb6-00e3-4ef9-b4ab-165e97513825	18.01896360830239	-4.389999880931824	ER−
6cf498ba-46d9-451f-b65a-e649964e5d25	17.436414936720762	7.3567496729189585	ER−
052f5358-94f2-44f2-b52b-a79068eb032f	-19.788675912265763	-1.258970652099844	ER+
21499138-ef9c-4909-92e0-ecb1dff67431	0.4341906321762532	-9.093677594769032	ER+
3d4d1fa7-da4f-44cd-aa52-b8963cd61f31	2.836995472317945	21.793195291679677	ER−
208eb3f1-6bc7-401c-a8d8-3ab793b39d34	6.059212475459508	-9.141359598559507	ER+
64ba791a-c418-4507-bf64-b4b473c78834	-1.7495942033025476	-5.258232125749863	ER+
6a6420f7-3618-4d8e-b4c2-d6e6eddcda39	-0.03746614477503978	-6.863804236236087	ER+
3738df37-7bd7-4b3b-a4bb-4aca77a4573a	-7.204739842823778	-2.3289090420910252	ER+
e0435ff5-5847-48f4-9f7b-40da5ab52e3e	-21.59738624602041	4.978891143659602	ER+
826a2901-1c17-44a4-84a5-bc6f54d10a3f	9.364040145729735	-14.160274394804548	ER+
421e2607-50fa-4260-bd10-c37fcb7d063f	12.68779284746352	0.6562625204409984	ER−
3508f4b0-1ada-4937-b924-424ac2596341	-5.052079394521031	-6.223438558648689	ER+
a86d241d-fe25-40b7-a61c-b919d30fa545	-0.7926091510767495	-4.567303062795739	ER+
2b231d54-66bc-4f57-bd7d-944f5460cb48	15.066191792990914	12.567809252048745	ER−
d5bf82b7-7508-4773-a104-cff25a557149	-5.151753923630357	2.608134813720045	ER+
b79c0636-2e0f-4639-9084-b6ecbc64414a	-16.240459478622547	2.6832826088914326	ER+
a48d1663-22e8-4f98-af8a-53ececfa5f4c	18.698026210194076	-11.318411323808219	ER−
c90142d8-f939-4fea-bc48-073d2814f54e	0.10777428970598242	24.785402257275344	ER−
3ddaa477-d3c0-4df0-8c22-99c41e0b3d53	0.8663989385679169	-4.10153596215896	ER+
74707daa-fe40-4d28-ad49-0d1c5465c253	8.253384805142444	-6.906457460652483	ER+
2a131c31-6c59-457a-8926-f88ac5c57f54	8.009875688919971	-7.1838580230427675	ER+
2356b998-0930-403f-9b04-57a18a150955	-8.08236648409051	-2.8745299496475964	ER+
842b272a-9f51-4919-b7c1-a16a2f410b57	-7.265700618969773	-2.915798097695623	ER+
dbfa1780-4558-436a-a434-05dafd0f675a	-13.23364525270577	6.371426868401269	ER+
f69372c0-9da5-469c-ba81-e5b3da5e605c	23.793630838252753	2.4875680485679994	ER−
1302a36d-ea6d-4909-bac2-a90e0c03d062	-13.3671433056034	3.7485789036939465	ER+
c771527f-a09e-4173-8eb9-8dce3882476a	-2.9308358920151396	-6.744024674350522	ER+
67d1ea12-766f-4eb9-af7e-4545975b076c	-9.833668947723076	3.565874055327619	ER+
52bc932e-fe9b-49ff-8584-2f92e61d5871	5.23926537962712	14.468712709899288	ER−
de32121c-b7f5-4a94-9977-8f4b2d3be976	-15.41916369648995	6.460834919135374	ER+
524bbb0c-e6af-47a6-b274-f58bb1dd4c76	4.642172198476668	-10.79746726389848	ER+
458922b4-db70-459b-8696-f8dd7b373a77	-0.042502239163983276	-3.0385749041596353	ER+
d8dcd080-5bb7-4723-8714-443eb8b07477	3.7053472852937057	-4.554510047470085	ER+
d61f0d8d-c549-42d6-bc35-5488cf231d7a	-4.273381534151714	1.0431278816833793	ER+
e65d0b66-b1d6-40e2-916e-990522ad7e7b	3.3588678902255102	-5.412555532156238	ER+
9a4eaf94-a637-4054-9792-6ca42294bc7b	-10.514009726285094	3.054648242457854	ER+
e898dc9e-5ca7-4092-b6c2-4c541c4b767c	-8.169425430758018	3.886052182200151	ER+
9f992be8-400e-4230-ac42-e5483b4a5f7f	2.149188459854247	18.922975990376855	ER−
84314004-2ee2-4aa9-b9de-b6ef7db3fe82	-2.334454597088014	0.6802149193895557	ER+
c0dc6757-e0cd-4615-9543-a348500aae84	-1.9175713982646914	-5.1667515214316735	ER+
c653aad5-59c7-458a-8ea7-9295a2aac884	-5.460003311860397	-4.4497481569401955	ER+
4cad9ca3-d09d-4576-b41c-24144db97385	-14.409204719673173	3.9417431028099967	ER+
c25b6919-5dc7-4a8a-97b0-8ee5128b868a	17.349686579592323	9.904158407562077	ER+
5bd57419-1f9b-4535-9fe6-e155d2d8228d	-7.975576293933684	-6.1378233979728725	ER+
14bebdf5-7509-4c8b-a944-aed580dffc93	-12.908250632260605	0.1122826938097095	ER+
fb7499a6-0519-4d8a-b424-86c5cf382195	-9.898062760947948	1.2303907190383105	ER+
b42e31da-9804-498f-8b1a-6a550ac9b897	0.6047884489880814	-5.2546808357145265	ER+
9ad28303-1b3d-486e-a72b-15d27d71cf9a	-15.172032645568196	8.960247380396284	ER+
4ff799d9-202c-4f5a-bd58-495a23b3c39c	5.5973675185374026	-6.0728863031598905	ER+
8751d026-849b-44ed-933b-fd9b80de329e	-11.563150723913191	-2.5621512260036075	ER+
992a7083-28ce-4857-898e-9d4b4fbf2fa1	-12.729976786107768	-2.045872042234457	ER+
18c5bb3b-fc3b-472c-be3e-4348704befa4	-5.378403454643093	0.9250474403894088	ER+
6749b9dd-8ffb-4b09-978b-2599ebe654a5	9.84812726017955	-2.2906107828115276	ER+
5c811b7b-0457-448e-b170-7abb4bb63cab	18.375642023161955	-6.724464729219323	ER−
6a5431ea-bda1-495d-8e85-1bc09b6ce4ad	6.943596405484538	-6.872048613085887	ER+
9b9c0eed-dc7d-45a4-8eb4-430aaf16fbb6	-0.47593258392210736	-0.5420966138105323	ER+
2d82baf3-62a1-4b94-a806-f044b8595db6	24.44154764182351	-2.670784567053207	ER−
d4137836-3f03-4a66-a7e1-1a735b289cbd	-6.274422087479824	4.537424863736235	ER+
0f36cdef-61e7-4627-aaf6-59a7cb2d16bf	2.9965913557433406	-7.513688115670089	ER+
b4604353-ec2d-4ff5-91c1-faedb89f6bc0	-6.158260431828185	3.447214666381961	ER+
f694d119-bf58-4449-a811-cb7a2165d8c0	-3.304480956501348	-7.861033002334418	ER+
442cfb48-2665-4404-889d-3626442670c1	-8.41386827278501	0.9851353064189659	ER+
64d0958d-ef53-43ec-8167-390d957485c4	19.419038473386724	10.738184352728053	ER−
bd351d39-883a-47e8-af88-db0c77a888c8	-13.164831435389289	-0.1326139725899366	ER+
434c866b-c42b-4161-9f63-6078b214a7cc	-2.466245391709459	-8.827233438670902	ER+
5643f725-6510-4fb3-9faa-44b3124a9ad6	18.930928853999713	0.21789944231554453	ER−
e58e4d1a-4682-4a48-86f1-9e62dbbe79d9	2.8658152176843346	-5.757108088049386	ER+
cea92c52-97dd-46d2-bae8-b3dc4505f1db	-3.9628635548930466	-2.342854572480075	ER+
94dfd2c1-d707-4ecc-a108-e8da83fa15de	0.2190103472547549	-3.5951972812604547	ER+
827f1f4b-1468-4079-abe1-f07a511f98e1	8.911247156701606	13.234208765133518	ER−
862a4113-9037-43ce-bdba-1b1818ca19e5	-5.3072984935942955	-8.028417045662225	ER+
981123de-d55e-41d1-8850-1a41376f1ded	-7.271515627838862	-6.523177581968495	ER+
58bc4857-6a34-4bfb-91c0-0c35fb9169ed	23.975806906566184	0.4377640210970844	ER−
5f3c1dfc-da3d-4194-93b9-fc3349d606ee	2.108689374529871	-6.987583657060583	ER+
97765ed1-5e02-49d3-a96b-a20c8cca3bee	1.9185798509584129	-8.366245953533838	ER+
ef51ed0e-46ed-4ab0-9504-9f3b8fcd36f2	-15.08809037004181	4.433590394262234	ER+
27afe520-0907-4f6e-91f8-4f9d9acbc9f2	5.689480544704381	-8.15978897283918	ER+
08eca7af-fea6-4691-99d9-ec626d5bb4fa	11.507524291459958	3.626409942167385	ER−
d8be3484-c0f6-40bd-a9e2-d9f3f2ec47fb	9.807999111554578	4.209242176825059	ER−
c79a9902-060a-4d3c-9441-529fcbe19afe	4.666748356424077	-6.856401557643586	ER+
de60834e-364b-4814-ad26-d6891d6eb9ff	8.94809432314509	-12.213707274654716	ER+
d7d72329-a22b-459f-a617-e1c72b8f4c02	5.4571039724684685	15.909211906549123	ER−
37121acd-04e3-4d85-a472-bd3638720004	-5.370577703930136	-1.6801613638684498	ER+
3b0f668b-236f-43f5-a2ff-1898b9687604	0.5618754377640215	-2.1946887103675334	ER+
5e3544a8-5ff9-45cc-b4a5-fdf43427e305	3.8369877178565015	-7.002485974848107	ER+
8157c85f-d313-4102-b682-d9c38713bf07	1.3772276810588644	-8.278243649356238	ER+
fd2f2372-cfc0-4918-a03f-a53974cbfc07	-1.2624605420280763	-1.3529461446620155	ER+
9ddfb5a1-dbd3-43f2-9fdb-fe64bf3e3c07	-7.352441283655172	-8.697266037919468	ER+
56c4ca91-26bf-4589-9232-c6400adc1a08	-3.871316609260056	-3.678408199244213	ER+
e6281a02-850b-405e-af4d-e79967552f0a	5.7197908396291695	19.92027871816012	ER−
1f5ef98f-2bf9-4c93-8d68-72d9ca67480a	19.74795619022151	3.5462804247530477	ER−
4f579967-6cb9-4672-ba7a-f94f789b280e	-6.379903222276624	0.6419094638593505	ER+
4913ff90-e563-48e0-a632-a6cff90d810f	3.5429664289268477	-5.065439321400832	ER+
a31dd727-f50a-4077-81e7-7b8d0cad7310	7.382251827505683	-5.896091124513461	ER+
27a2d405-3fe3-45ca-8150-f0567e310512	19.501941044393508	11.46537349279832	ER−
6985560f-33fe-435f-83e0-cbd9e0c20413	-13.42690371994961	-0.035638114092749806	ER+
8a9c0b95-4830-45c3-a596-75c2f22cfa14	18.76521846716315	8.63273494508408	ER−
13ef5323-ead9-4bc7-8ac4-33875bf12e17	-11.99877063601717	4.398736712989834	ER+
b2d67d4c-8555-4ba8-965a-ab42ef516119	-19.50152277102663	4.149176722212967	ER+
4d112bd8-1a35-43cb-896a-16f48147811b	24.190218287161485	4.0604176132882	ER+
e1ffc76b-1f86-4776-a6de-a488c5a1261d	0.7957122921436819	-10.586973318379316	ER+
ba714d2c-c88f-44c8-85cb-de57055bab1d	6.364005590490948	-13.638340716244507	ER+
4e92867a-7834-45df-aae7-a680ef37cd1d	-0.5565700379618668	-5.087185668508374	ER+
9030ac3f-19d2-4173-9025-87726923621d	-0.12117326257025676	-6.024413193924213	ER+
aa615303-6416-4ec6-b803-9cf6054c321d	10.77359176874679	5.915850300022646	ER−
b6e47b05-afe9-41b5-b040-7fbcc62d4720	25.450788580879724	4.002663020420075	ER−
ae5e85d4-0b93-44cc-b846-7e893ca67b21	-3.861419416061248	-5.7087114646148915	ER+
727911b5-45aa-42a6-8d32-4d131c8b0824	-8.219603449503097	-1.4147915119857088	ER+
a04dfaf8-6727-4838-8c69-636a608bdf25	-2.6271618086944337	-5.478403895769179	ER+
15c85716-4be3-43a8-9f61-2929c600c828	16.641118628284577	5.472805934381945	ER+
286cbf20-c36a-434d-b491-17a1515c132e	6.793030384061727	-8.36348792857652	ER+
708eafa6-a04c-4799-b9c2-add56c030c2f	-8.695877195315637	-2.1846542070062602	ER+
0a60e43d-2bdb-4dc1-b9f3-336c89c2272f	8.619252063731604	12.22941838061956	ER−
223d08aa-7572-486f-aa1d-38f1919d0630	-7.061917320779717	-0.2315597645115654	ER+
fe3d3c9b-7f30-4359-9904-48612503f531	1.1276207922961285	-6.519289578397781	ER+
3f2d803b-fed0-4eb7-9058-d67d10cb3532	14.923712958136058	12.61424873503688	ER−
c681e7bd-8307-4753-8309-6f4abe9a6433	-14.272945423992937	6.112762306702062	ER+
1b8dfe86-a00f-48ae-8956-377f5812ff35	2.3900166546484036	-2.1101007001111687	ER+
af5a3afa-0e81-4864-b51d-7e857804c336	-5.070281090243724	-2.6600806595503568	ER+
310f99cb-0837-4869-8b48-28d4b543be3b	-12.785226075009927	-0.39303412880239263	ER+
1ec51eab-f7e7-44f2-a90e-f0d5b073833d	0.9376995268720596	-7.513976364761887	ER+
0b10c68d-9ac5-4c64-9233-2eb9c4a8a942	-3.4774982277149475	1.6359285603142586	ER+
ef1c5f5b-ee6e-41a3-b6ce-5b0321d7d742	3.1746349560647777	-7.863555913441985	ER+
e5c1a89f-c3d9-4dc8-a35f-d2834b155843	5.021210597215468	-10.934602401851512	ER+
994570f9-404b-471c-a5c3-78e59480dd44	-0.90739984983288835	0.1552503985579524	ER+
8a1c823b-62df-4c1f-9d0f-bbf4d93e3245	-4.039427275399128	-2.0130171811882773	ER+
82a7523d-02c1-4f75-956a-b95519dd7547	-3.5358489763572614	19.11277931624884	ER−
88fcc5d7-dc8f-4349-b809-dc6764f48748	-0.19102210444144152	-6.196618801517977	ER+
108e4f62-aa05-4297-9bc2-2fb82d687349	2.5594308344840355	-6.719644724458467	ER+
2f879a27-186a-4134-8f08-cc885134564b	19.62850971937165	5.5521082455492206	ER+
4c14d929-c320-43ea-95bf-781c3eda174c	5.131978973419031	20.916916099498135	ER−
42df9529-b684-4aed-ad7b-83bfedec0751	-4.1462026340284375	1.1073256267544414	ER+
8f2023a0-1ee1-436d-a2ba-f2f9a61ccf52	-16.176567733177173	6.0895906980184975	ER+
19fed966-01a5-412e-82a0-f72f4d42cd53	-2.0502103365978446	-2.4873517754000343	ER+
4864018c-b8fd-426f-80e9-14f4adf29557	-6.858409610992652	-2.454490491597942	ER+
da98a67c-f11f-41d3-8223-1161ebff8b58	-0.5181578666598279	18.33764731639687	ER+
8c0e3f5d-e5f0-4b6f-85db-a18cfba08758	11.303843212106585	16.276697990217315	ER−
2b26df3e-4454-447f-bfea-2964447ac559	-3.1741533897971586	-2.020007564147989	ER+
cb75fb62-e6e9-4763-a97c-1a2b919adc5a	7.212278884132313	-1.8535721355232644	ER−
9ac00677-9ba1-4ee9-bf02-ecb04533f45d	-0.1756385867871743	-7.406414809939473	ER+
0375efb7-6afa-416e-96fa-c9a69ad7e95d	10.246425735032497	14.66040522755982	ER−
9ed7137b-acec-4eb0-868f-cbfef00ce85e	-11.731658562539446	-0.03895451393633067	ER+
8fb28200-513f-4697-8b49-65cc424fdf5e	1.651107369318862	1.7048679540112577	ER−
42dca292-7292-4162-994f-ffbc0102c55e	-22.642097175848697	5.593249853207505	ER+
199a14f5-6ff1-4d6e-b043-06061511915f	2.681578678443454	-6.308527251834211	ER+
eb068925-2dcc-4e18-838f-903ac8d2b661	15.568130375708016	4.357030135727872	ER−
b178a8cb-b28c-4fed-a8ae-d4e37ae39261	-2.8902833419063225	-4.44317785167372	ER+
2c527579-8b48-49b4-8383-8c084c046c62	-5.4365758303951495	-4.233629643151807	ER+
e5635af5-62de-4c8a-9da7-93832ee14564	-12.550726435834555	11.3850863699306	ER+
89b17c49-bf29-4ccb-a4f0-be994beb4265	-19.50348761402836	9.934743861114928	ER+
cbf5849b-94ea-495e-9247-3012baa96267	1.5727434762307302	-6.729339558230798	ER+
ff3769db-0958-4f3e-aea8-db70149d0a67	-3.7209496800062203	-4.9808790162179575	ER+
9076f647-71dc-4845-a893-e6628de65e68	9.366948405718224	-7.495632072322002	ER+
4c16b3ef-a6a7-4189-a709-d6af737dfd6a	5.582135265652747	-7.937146287106823	ER+
2cdf0e6a-b2d3-491e-b5bd-7a3121af676d	9.295430675111799	-9.294450503912994	ER+
6070db25-079c-4bfa-889d-e4e447ceea70	0.23451091984033418	-4.977712838995723	ER+
1cbcd09f-2824-4e99-b657-f9565e9c9372	-7.432424503390726	-6.34462734556115	ER+
cec3c875-a8e8-434f-8de4-7c0627d1b074	4.14915270364473	-6.141111708953615	ER+
16fa9305-8d86-4330-b932-07274b631574	0.8787853569263622	-7.33271212575401	ER+
c72d4050-73cc-440e-b86a-170afd3e6977	-1.7858371173851935	-8.020410096309702	ER+
c9a64139-06c9-4154-b8ad-9c6959696977	16.297546954023385	-16.03022448463555	ER+
b17ba902-d97d-47d7-a33c-e31718c50778	-12.514744931108329	-0.41721632801845987	ER+
7f03386b-190b-46f9-9f96-9b867bee9c7a	4.864344210874896	-5.442400869046963	ER+
22139565-60e2-4a36-8b8a-832f459af87a	-5.092090257013935	-2.6138697807075646	ER+
9bf496e6-38cf-4bd1-99d0-9c85b306847b	2.7146781190511438	-6.138980511631006	ER+
c2d1befc-422c-46a1-857a-13eb87f0657c	-7.432301799847323	5.844870075482325	ER+
9cd9cf8f-31ac-414d-ad37-1669bb56547c	10.52364653190515	7.22255928564763	ER−
76af5aba-5a99-4c9b-8ac0-19f902fd887d	26.455285679969403	-3.80654631373107	ER−
fd476524-e22c-44a1-8f91-2a8a0519aa7d	-13.373289158950575	2.9827507170963776	ER+
48023df3-770b-4c9e-9eba-ac5586eda57f	5.648240209037499	-7.379441182724792	ER+
ffea5a94-3ff5-435d-a24f-ebf0b3674683	4.173530914116358	1.4893110541173564	ER+
a1ad6e6b-270d-4c2d-9092-b18099ee1783	4.530558506555116	-7.080192818086975	ER+
20c67226-bef8-4098-87a0-6ef7b612a284	-16.998529803005276	5.367636930965649	ER+
59015c18-4278-480d-82d4-139eecd65085	13.43659705895723	7.185230953810861	ER−
29b6a9ce-d0cc-4c2f-828c-86d840585985	7.084210323678715	2.419839829807568	ER−
d9b83390-c155-4703-a0bb-78e84d53ba88	-10.482176370387554	-2.1141590922560467	ER+
8d6e5037-8602-4a3f-a580-3f319aeeec8b	21.973870738534824	6.728462764595231	ER−
79afecac-c5cc-41af-9f0a-4cc3f5c6548b	-10.914864486959006	4.173795164131587	ER+
f6abc71a-0718-4b88-a17d-0ceda545778c	-0.6589296159946997	5.640861645315916	ER+
bd2081d7-90dd-4f9a-89c1-76d4322a1c8e	-3.2623788024362765	-4.585638816526546	ER+
9af9e9cf-2d77-455e-8d47-10537badd98f	-0.5688277933874674	-9.588926104879954	ER+
cdc7df8c-4e6c-4f00-ae33-f3eab6f1d08f	2.1681315431968695	-4.00136305004607	ER+
e9e3ef52-f293-4fd4-bb8d-c80b8d580e90	7.349880506979037	-2.186214274429742	ER+
7fc6cf7d-67bd-452f-b55e-3adfd7fda590	-6.498119874823144	-0.5521732808334846	ER+
10f2c028-06c5-4560-9a52-dd76a227b891	-7.32755583818984	-4.702435656861196	ER+
c392b91b-1f08-4e33-9ab7-42ec0fce3b92	16.665361918047267	13.966956190570993	ER−
933ea2ac-b473-40cd-ba4b-e8ea5c3dea92	1.5243281916949118	-9.40673685537408	ER+
d040ba3e-165d-49fa-89be-1668d24b7294	-8.40104914130298	8.924150780771312	ER+
1200af21-94cc-493a-85bd-70cc56f50497	-18.320555339654558	1.728588481579175	ER+
f014eca8-aa22-432c-b1ef-3113728b8899	18.68206202378895	2.191928779604505	ER−
30774cd0-6f55-4e04-ae96-dbd729702499	6.516482726836297	19.924637150738583	ER−
af27fd0a-108c-47d2-9f87-665bed408e99	1.8609093413994007	-12.692958889094008	ER+
0bd2d9be-9c78-4d37-9684-c912bb10379a	-16.777501718840032	3.026561011247165	ER+
421c51e1-ba5f-4ffe-b4ed-39303113709b	-23.063617826482393	7.667638126964745	ER+
47ac991e-2472-4613-a0f0-fc4cad42bb9d	-1.4060099904361585	-0.7076653668398779	ER+
a7589115-6759-41f5-acda-185369ae599e	7.564328417265406	14.234114998309595	ER−
7e87cd79-d38c-448b-8d02-018b1e7efe9f	7.470388787516077	-5.948692690775553	ER+
2f5b0acb-4bb5-41c8-862f-6ceed8f498a0	5.164380284882547	-9.700534848342091	ER+
fcc10778-9575-41f4-bf95-4a97f7c58ba6	-20.544046552303023	4.695576852002627	ER+
3d669a28-e601-4579-a05d-8c58b76587a6	-3.485748536574247	-4.099819573477271	ER+
3a0e52d7-eb47-44a7-9c30-83bb42841aaa	10.492967449635435	-7.262766259087701	ER+
31d88855-e509-48ac-818f-f817ebfb35ab	-12.010664483680277	0.5423451334443355	ER+
62da0a5e-df20-4422-b54a-53b41d9c3aab	20.311651501168246	-6.82621917069138	ER−
a82bf67f-6b69-499a-8631-4101be9ba9ab	8.84516291186525	-12.80197851687487	ER+
f405cd29-4016-415b-9546-02da179a97ac	-9.76213067661969	0.7087447476072077	ER+
0aba5a33-4257-4bad-9f28-db606d81e2af	6.182384416519703	-11.30957958102377	ER+
57dabe72-0950-4301-be03-262f3916dbb1	1.6720092760167808	11.355030150127666	ER−
bfeea30b-9df7-46bc-bc83-3bf1ede95eb2	7.883580948264487	-4.71973822138157	ER+
9e8f1f6e-8115-49a7-a208-3a6308cfd2b2	-12.55336388794249	3.8655831007621204	ER+
f59c167d-5cbe-490c-8320-20f900c3dcb5	-10.201851836238406	2.4170468941462775	ER+
2f86d512-9177-45ac-b724-bbc31d83cdb7	-5.9504441644627555	-5.089956640012649	ER−
9efb4d56-8ada-4280-bb76-b5746e4335b8	16.63894996904929	12.481770338536679	ER−
842f6668-669f-4e7d-89f6-f6da627297b8	15.174802507350945	9.515647349050901	ER−
b906958a-334b-4e82-ad9b-0b94dbf8dfb9	9.392541729464481	-14.730801918590604	ER+
be04fdc1-6eac-4877-abf3-cdec248eebbb	-3.8296393141422516	-5.926112525682494	ER+
29d55f13-d78d-45f1-8fdf-65733c69f1bc	-8.544688619163022	-0.6836628805753701	ER+
79a8f606-9a9b-45f4-99e2-61b8498ab4bd	-10.278200011950046	1.4832042904801797	ER+
cac793ee-a0fc-4fad-88b4-593205694ec0	-4.00609124533068	-3.773624140705034	ER+
d6d374ce-aafb-4388-80af-900a9d19aec1	10.692995627127024	4.294826657654727	ER−
0cafa6b8-fc3d-49ea-acc5-1e75eec10cc2	-17.45261874999607	6.57370113418374	ER+
1d673a06-1b44-46df-80f3-d8a9f61da6c2	5.712009159546288	-12.087774325091486	ER+
5e4afb9b-9141-40c1-a86e-42d5b74930c4	-17.400708308229454	6.514137335851966	ER+
f0d0e2f8-7c5e-4042-a505-8f17313689c4	0.7661123302891442	-5.758478169744036	ER+
0ca6b5a8-0b1b-4615-adb7-dcedbb3db9c5	12.927595812183654	1.0248855240395223	ER+
ee24dcb8-2927-42d4-ad8c-588ea01a64c7	-5.070450492836229	2.290820440100872	ER+
0f8369f0-a35f-4327-8f7e-cc089c899fc8	29.381055535662107	1.8308906900398552	ER−
a1f8a4ca-7598-498b-9bc4-95a1b6111ace	3.262476720569467	6.726876642379375	ER−
4bd3228b-e994-414c-bade-1b4010637bcf	6.991972240658385	-9.272957687754813	ER−
4845b96c-4325-44ae-ae47-66aad04fbbcf	-3.26833824895412	-7.108490315865911	ER+
42202af1-6414-4509-995b-21edcd2cc2cf	-1.5328155815774436	-8.057990932880106	ER+
596736fb-5fb7-446a-b8ca-53f0129f41cf	-20.28311146367489	5.567103520195817	ER+
aebcf532-fd91-450f-a48e-d6387f2754d0	10.24366458223945	-7.44264070397955	ER+
84b05220-4e28-44ae-b6ee-6018c0dbf0d2	0.6234743001787623	-3.0594510977670013	ER+
4348dbe3-3fef-462e-9e08-160c39e5c0d3	-8.328094574552354	-1.4820433377199216	ER+
2f420c49-bc14-4b1a-a8d7-3f0f27c0bcd3	-16.541583371718755	2.2711116662491704	ER+
88b6f48a-95d0-4ea7-86ef-52efcf82ded6	-11.677457933021605	5.956004298765581	ER+
eb1f9845-ff0c-49d3-a981-94a634e8ced7	-4.2517821352697425	3.4730622822185686	ER+
16224588-db7f-4140-94d6-d9793b5fe9d7	-2.976219932949647	-3.830924128076032	ER+
00f24662-71c8-4939-aa6e-0427038545d9	-12.521356572148099	2.1128939096296273	ER+
50a7a07e-b452-466d-97bf-978c4f9c47da	-3.921324034636871	0.6663014272024254	ER+
10d5bc48-f79a-4487-b5d0-2d6c98a9f4dd	7.327442533323132	19.12315505169073	ER−
aa01abcb-555e-4ad6-9346-8f76bb8e00de	-1.9884330411769278	7.282934945232747	ER+
a664b550-4b77-4b1e-bd11-62c4f73073df	-5.246132066102019	6.017089107273411	ER+
1e347c7a-fbe8-408d-8014-ee33869116e0	-11.508581258625675	-2.3416867705583724	ER+
c4ebe992-1682-4f4c-b05c-5a47d2c673e3	26.678626143190588	-4.392647913538187	ER−
de5343a8-53d5-4fb9-b54d-bbe144cf2be5	-3.0689704769383273	-2.58871186992407	ER+
43d0f325-fe4f-4f1e-81d8-1489b48f7ae6	-1.937555665511619	-3.493116302647781	ER+
b8757a4b-548e-41bd-b0b0-f7a8658aafe6	-13.120990055806383	-2.5488341944818553	ER+
afb1af04-c647-45b0-aa67-81d5a71b32e6	4.910116098018261	-8.304976434464244	ER+
a81e5ef5-c201-410d-be73-63f273dff6e7	13.590917685338091	-4.4565068775251735	ER−
483beb1b-6edd-4954-8324-ba2e7cb8a9e8	21.219908864328122	1.205716299364981	ER−
66a84dcb-3211-4a15-84d6-ba0d59faf4e8	0.6039403658277492	-4.848218598458337	ER+
98e09c59-13e5-4085-86d9-873dec99dfe9	-5.111257575206789	-4.91445254638579	ER+
271fdf23-1cd0-4659-bd24-51e170445ae9	-9.486275333856836	-0.2710983665761473	ER+
0725ed55-cac6-48c4-a632-e5147720e7ea	1.8953908602054907	-9.155428573550696	ER+
3e751a3d-573e-42e1-a361-6303669fb7eb	5.151545631164262	23.79699216644237	ER−
0034ecfd-ca94-4615-94d2-e950a2b240ed	-1.9971080741242	-3.1921392565478843	ER+
3343fc79-fa17-4319-91ac-55f2d2e74cef	-11.975682188327642	5.306982539348922	ER+
08ef1297-be9e-4f71-b565-0552389144f0	-8.825669401710115	-4.818207883239726	ER+
b83fd35b-e997-4a3c-828b-3c90248b23f0	9.041406974995356	-5.87230884966327	ER+
641a082e-5ca1-48f1-80e2-f7aab53611f0	-5.809869935946331	-0.22263485142955128	ER+
88a0e401-3507-496f-a4e4-981d089beaf1	-2.189555717201175	0.43268478905228963	ER+
796ca6e7-2be7-4862-a5e7-6b262ba099f2	-11.206539568174449	0.5849776537370551	ER+
42a0ffc5-0804-4b82-9c18-50df23f21cf9	-4.525420165060514	-4.85072275498734	ER+
d7ff2e3a-5472-4413-8c28-0cd76e3c2ffc	11.882747278829386	14.86833522244709	ER−
81148a24-a1bf-45ae-a0bb-709cccd728fd	1.8262946095842532	-9.172147659385923	ER+
32275981-2069-4fbc-b0f5-8b879dd13efd	6.590405025094061	-9.665492253187736	ER+
096c96df-4740-40c0-864c-3873ccc57afe	17.94395242937497	4.5035115119398945	ER−
f86bce61-6748-4f0d-b56a-c30bd71eb2fe	-7.737750606295072	-0.7714272144405451	ER+
0188e5a1-2b0c-4fe3-9280-07052d964bff	-2.523801997774918	-1.7924315881608497	ER+
8a72416e-242b-4482-921e-88fdae3c17ff	5.257834709306706	7.139112212997153	ER−
8d0796cc-648d-4264-ada1-fd4e9dfb8c02	0.3336032355172961	-1.195503931274609	ER+
a9237a7a-3c6c-44e7-b2a9-b2e4b1a45b07	15.92483408778173	10.171926585976356	ER−
c07800c1-91b6-4612-9831-f4f6fc6cf318	-1.6711257699417557	-6.100998910326394	ER−
65821138-c294-4af7-b2eb-f671b3f3ba19	-10.262005773371515	-3.395318901924539	ER+
3507cf96-965a-44f3-98f3-d8adef372832	-11.82789893474952	4.226102231662249	ER+
64f561ff-896f-44ae-9807-2a299c81c633	-13.755680456927944	0.9180611346732852	ER+
91714b41-6550-4638-bc95-bd9bd8163f37	15.121990740603277	11.029043919423218	ER−
b33d0b10-4c33-4001-93ff-a5ffa2aa353c	-15.331498974264727	0.32510836086327416	ER+
6a2e15d6-5304-4d3e-a18c-bac86e50133f	15.555840636110757	8.260758705184458	ER+
e2ab2cad-67a8-47de-a775-8dd9461f1f41	-5.246219621135622	-3.932731751157498	ER+
ab68528c-cf90-425b-bf92-33d5e4c54345	11.73211727781855	-6.04423335068367	ER−
155e54f9-9791-42e7-9d6a-26c1d09e3948	-5.140776649670339	-6.496696535489492	ER+
0c5866d5-41e9-4a62-a84e-5ad63879e249	0.8990087175879145	-0.9829014976932322	ER+
a1eb28f4-2621-492d-9e0c-fde3749d464a	-8.11178912641029	-1.1755291755200836	ER+
e634b7db-eab9-4986-895d-d9732c681c4b	-2.0131427658756986	-3.003759894563308	ER+
c6fb2026-b740-459e-9831-93279bbf354e	-5.438521516214708	-3.7931262539275763	ER+
50802536-2841-42cf-afd6-4c90151b7e60	-3.179750176953571	-5.177460099126841	ER+
f53a9c63-1af7-4cbc-b8b7-4aa7aaed3364	-5.270957601451976	-1.5263187097566264	ER+
18dd7b03-138a-4c36-88e1-aeabb3760b66	11.17609876289132	4.85989151244335	ER+
ec6f630a-8f81-4170-b41b-97d9e4582b68	4.724259152958518	-5.176902616814547	ER+
c02ba2eb-4a4a-4ea6-86c7-5c6f999a606c	-1.5715858475877573	-7.342262884870194	ER+
2944109a-96b6-4607-8d09-291aa680a16d	-7.846459993809794	-1.8194553294623999	ER+
66d8eef3-27f2-4439-8f1b-e0665811b06e	-12.203255497862223	-2.9062395772240945	ER+
2bb0e784-10fc-4978-b5f3-bfc197438175	19.267884078933218	12.189783445254681	ER−
babcc02f-9aa4-468f-8829-e605afea8c7c	-10.130986088274861	-1.7421074182873426	ER+
b5483af7-880c-4029-9c5b-90eb97408580	3.041014271701065	4.0825456351075955	ER−
0783ff5e-f78d-49ac-8f8e-fc27c3673f81	3.8292430735439082	-14.233421366734847	ER+
6595a271-8731-4e64-8033-2bc24907b585	-1.0047399525040974	-3.967962120385625	ER+
f2891ace-f170-4dbf-b23e-a7cc21414786	-7.9295994284952656	-4.0250074062846615	ER+
4adca409-be37-4ebf-a9b0-c80f587e2088	0.6178312332744115	-6.578102725598011	ER+
fbb65b75-a831-4616-8d6b-adba825a228d	-5.633266684575311	16.962779977213767	ER+
534b9e41-b731-4461-abea-30096148a493	-10.809373549868651	1.4230202690518257	ER+
9d74471e-2f64-42aa-9d51-339a4d7ea49b	20.382403447944	3.911828087106956	ER−
dc41e93d-7e9e-415f-9de7-349931d6dea3	11.952070039554286	-10.599427178687117	ER+
a442a0ee-153d-4033-af62-86955f3055ac	-7.037440624152148	-6.475251154522092	ER+
fbd43a48-c880-45ff-bb6a-08f922de93b5	-8.73137869029194	-4.354371698169305	ER+
2ef74f93-5da2-454c-aca2-d86c289eacb8	-12.404612129483898	3.743105571803673	ER+
5e2d5c52-596f-49bc-967c-42129abbacbf	-21.433954301375866	5.006169729007299	ER+
5752f686-d7e4-4e4e-ac16-5b66dfebaec9	2.5128743725595193	-5.8119212886427425	ER+
c296b101-6634-49c2-90b0-39e5d86d1fd2	1.640911613806103	-4.267970187621232	ER+
d91cdb44-f946-44ad-8100-026e9da98bd3	1.0573314805967746	0.06678606898129316	ER−
c66d011f-8a84-4240-aab4-0c10719f5bdb	-4.245346723880778	-1.1228198539607313	ER+
20eaa6bd-ad88-4b32-915c-efd54c7ac0de	-6.271153037748988	14.373442011294078	ER+
95598eda-ba98-4c1d-951b-131e149989e1	6.3121880552774945	18.803795513646925	ER−
60061f42-311a-4890-bcbf-4add272aa5e7	-16.491543189592324	-1.3066096147798574	ER+
be4c9ae8-0b45-410a-bb06-746b10cdaaec	-19.912511372897285	12.03775447560773	ER+
8607f343-5c54-4112-a8c3-ec1f0a48f4f4	-2.0707839692642933	-4.1643501914921925	ER+
d1b716e8-e4d4-4089-b46a-9892a8be55f5	14.400508943602313	15.597623327745065	ER+
98b23744-92f7-43f1-9c6d-328adf4108f8	-0.36115246864068234	-4.630730397887764	ER+
627ceeec-42c0-4104-a134-a6e4a7738bf8	-14.201529922954487	2.9302153196806366	ER+
dc2086bf-e50b-49fb-b31e-93b4fdc540fb	-2.944090835443981	-3.0553299350446137	ER+
bd879832-e177-4fca-b1ea-d1553518e700	-20.297229800160416	5.29742191410057	ER+
03737fb6-a59c-4618-a4e5-5fc657e42900	-12.2257891817167	3.0618098321946827	ER+
9d854730-923d-46c5-9fc4-4d6610ae9d01	-3.624276065714747	-1.544580552117728	ER+
b3382514-ecef-4a68-90e6-0e224ef11f01	-14.958024298537545	-1.3508146116827062	ER+
44daefc1-eb50-4fad-98db-7724c1e2c201	11.021331279309601	18.471018140333516	ER−
29f2019d-5a69-497e-a7ff-73dd35fcaa01	4.478752422576319	-7.329316147155941	ER+
cdec90ec-016b-4c68-82aa-7ee297188b03	4.772877811924966	1.1451722735124816	ER+
35f6a061-a257-482a-8a72-6e0bff199503	-7.702905262039223	-1.774750052968287	ER+
839ec959-1497-45dc-8e46-b5c285215603	-11.980508035979417	1.326025328713681	ER+
8faa604b-bdc4-4481-89a7-0ab6f4839c04	4.202578929162571	-5.9549052717147255	ER+
bc922f18-a6a9-4f1c-b3c9-c7628ad04a04	-6.011388153803347	-1.9168570863500096	ER+
4a052df5-38bb-4e2f-87bb-bbde3c959304	-18.040435204640577	5.105867230605746	ER+
a9da8022-ce84-4c1f-a483-c2ef6f085505	-0.7009526805947113	-0.6266492241807982	ER+
0fa547f8-cedf-46ac-9d8f-5498dfb6ea06	-11.397901006111084	20.02033101336732	ER−
6588314e-69e9-44dc-b7d0-0966c1833608	25.91341920696985	2.6793502581754343	ER−
39ecb041-7ba9-428b-8d8b-44a06d50e309	13.006491300358917	13.491371241830752	ER−
6418884f-19d9-4101-a35c-6f1f43a4690a	-1.7709129246379476	-1.8480665584841913	ER+
1ca20860-4a2e-4d34-a479-5b56facc2c0a	10.721487998720821	16.73883460062745	ER−
d7814767-c4ec-43ce-9cb2-646941b2870c	-2.53978528198444	5.06232719624523	ER+
a39b6b48-a0cc-49f4-beee-119a5777ac0c	1.0185825312210537	-6.3484559850658995	ER+
072bac5f-4e09-4831-9c32-f42b94c4b30d	-12.82866324406145	-0.04383734145611224	ER+
9a2c9224-ec66-4560-b909-08144c67e00d	7.87050869801518	0.9295536228772591	ER+
2a7d9ae7-6458-4e34-aab2-212f2e62030e	-1.176759561839718	-1.4445437125821923	ER+
5cdfaf15-5227-4917-a66c-2447cf9bc70e	-2.682770146113734	-0.7901798574605481	ER+
5b880794-58ab-4b72-9913-6afc21d9110f	-13.22851468919184	7.064740445157162	ER+
972a70ec-e428-4609-893d-6128a4d62811	0.5911411150489116	-0.34506421543029037	ER−
d0213ff6-3b56-440a-8d5d-53f6e6c70f11	-14.4351482585521	1.070110399415286	ER+
ae15cbbe-2658-4d9a-ace3-4609df63f512	-1.2046627843662867	3.0801188654653764	ER+
181a26d8-ad25-40e5-9703-66d771b42b13	31.484524490087832	4.054117243028792	ER−
9d614398-19ae-40b1-99b6-c1099af43915	4.465013974926838	-6.907634602323029	ER+
80b4e7d6-c931-426f-810e-b6059d2c6f15	-13.592812472755812	-1.0330834957497452	ER+
42aaae48-01cc-4010-bef6-ccd49202e816	-6.579401680138509	-3.5330180674965104	ER+
cfe5897c-b243-45e6-8b2a-1722edcde416	-19.876372625458565	10.064102851369517	ER+
1ce73491-493d-44b6-8ab5-705f10f5df16	-7.970724614321879	-2.4843943838448217	ER+
9e8b9fc7-ff0e-4e2e-aa8b-697a995a7317	-4.357036678335894	-3.0251306784381296	ER+
12fd30ff-4d3a-4920-bf80-f44132824017	13.667397935606395	-5.888827246726707	ER+
714144ba-cb6d-4f15-91a7-e0873ee4dd18	-15.816443807862433	0.10935220233812648	ER+
9b91cd27-5869-46ab-ab80-9eb52ee29e1a	-9.291536105823516	1.6539734292366768	ER+
6198b84c-490a-426d-a43e-afd8be5a211b	3.667623667824849	-7.534692449720371	ER+
1b04b428-7c0d-49a2-b08a-072fa715ad1b	12.607556149614949	-7.379810482801085	ER+
8a397cf1-08c5-4772-9dd6-9c4b6fdece1c	13.44213492178702	12.36708505721575	ER−
bcc71ff5-8729-4e6b-8c2c-471f80a4f91d	-7.29779325441472	0.5457256502913412	ER+
f582b945-aea1-44dd-b29c-5b9bfd625b1d	3.103043323868241	-7.921238814317939	ER+
bdb30060-c2cf-4c66-ab80-3da009a1161f	-1.308897510811937	-2.2262742759647627	ER+
0a770cd6-c9b1-4cc4-9e31-1f8a820c5c1f	-12.379931912679764	11.445598694945453	ER+
039d56da-2740-4fae-bee7-ab7f5bba8a20	-7.642485024901724	-0.6196179006312048	ER+
f0312eb5-191c-41e8-991b-d070f67aaf22	-6.507792674270493	-1.9326279251199394	ER−
90efd0b1-6cba-4860-92db-6cd6f04c8422	4.543917738154593	-12.998625829996723	ER+
564d1bf5-f530-4f68-a8d3-23ba2f637d24	-0.19731623155303837	-10.955796857260722	ER+
e6c48482-0ad8-4b4c-9fb9-c3594e198024	11.19122604773882	-13.369814569169652	ER+
989000d0-fba6-4af0-9fbb-1a0949a29425	-4.45987394552636	-3.1279427402997264	ER+
46384059-8ee2-4c89-8a48-cddeaa10ea26	10.15434275265292	19.299379086773342	ER−
f9135d0d-6447-4452-8ea8-98dee4610226	0.6724162097810037	-9.543662850672835	ER+
a6218c31-3caa-4327-acc2-e22344031427	5.58134184728211	-8.421161237389285	ER+
8d53e953-da0b-4734-815b-0cb6dd129827	-16.37041030913828	2.5010756815761916	ER+
62a348d2-e7fd-48d0-9622-8b485da5e327	-2.982721293840674	-4.514178732871053	ER+
601d287e-1f5c-4ac7-a4a4-85bd89ad5327	-2.682857164745941	-9.160745268707531	ER+
b013fb96-a517-46ec-8877-4ae84c01ae27	-0.44672116837085923	-2.121065673727897	ER+
dd6e96bc-ff4a-4d29-a4e7-a9cb1c30c229	-4.650310708687574	-2.5116777584768575	ER+
905f2f5b-4bf9-449c-a070-5d2cce702e29	-10.712177125225995	6.998119118255305	ER+
77345d95-a2e7-4057-932a-281718d42a29	1.9442701610585176	-7.189340892559523	ER+
02580b63-8da8-4a9d-99b7-5747008ab42a	5.814101328339546	-11.633354603584406	ER+
417cb3fa-2125-42ce-a638-51952c81dc2b	2.0006486568160846	14.932351460753623	ER−
182f11ac-134d-4eb1-a19d-dad086d6dd2c	8.998701561977814	-12.414289730889356	ER+
eae06b7b-48b0-47d6-9263-0f92eda3652c	15.970332305988196	9.294576199764816	ER−
117a3e8a-4568-44a6-baee-9a5ab002042d	-0.6619288709740127	-5.618077098275073	ER+
17e8321e-7265-486e-8ec8-a5ebb547892d	3.752774214055888	-8.741222651018425	ER+
d44498fc-61f6-493a-aa1b-8ce9424c2b2e	2.4398266312603454	-5.8038318607034665	ER+
7ad22869-92c5-43d5-b334-9781a311cb2e	15.588188427941455	-15.900776613020119	ER+
b6d0686c-6f0b-4337-b7d6-e43443a6652e	6.859810641193371	-6.774776271317948	ER+
b2ab1b82-6ee3-4c66-a6a6-6c64cfc6012f	-3.5930639089067893	-5.405351494864843	ER+
b350ce03-64ac-44f5-8438-b7b8dc3a962f	-22.130928844148013	7.374809418554884	ER+
9121500e-1757-4024-963b-2d875e66932f	20.742425755025636	7.400373004088993	ER−
b66df40b-0b1f-4852-983f-a497fc14852f	-4.236131499594975	-2.69168546956057	ER+
b63edf98-ed66-485d-bea8-9ebb5666d030	-10.076326934493146	1.6213049243144306	ER+
bf0969ab-4a2e-4890-a215-3a636e6e7731	-8.796021061333061	10.64785071654306	ER−
452e1409-8d75-4cfa-af87-706edf3e8732	10.30416687576307	-8.403562485007981	ER+
818b0b25-5543-4d05-9205-1899ec64d733	-6.211747811471532	-0.9387693093301746	ER+
454383cb-3cb3-4b8c-8078-a2ec27139d33	7.971728725439879	-13.895969965038736	ER+
7ff75f50-b61c-4230-96b0-f711fbc27834	9.061488884723794	-7.8860832282377595	ER+
06b39bb2-3381-4452-8000-ecaae10c1734	-13.215452055935568	1.1592575250787176	ER+
9d4e55f2-fcd1-4523-8879-44f95bc3da35	-4.144076760914433	-8.18535256352139	ER+
7b7dbea3-df47-4051-8a58-548705a21035	-7.803672247844974	-5.9706469966528255	ER+
e7c9b0ed-a12a-4f39-bc1f-8ee6ffa05136	11.700632909631409	-14.554022370132058	ER+
a59040e1-6d0b-49f1-b4b3-bd96b0e98536	15.263753429816832	-8.485089473952558	ER−
a4318da0-6021-4931-a583-1087bd2bc837	-2.143182290366256	-5.719335902237646	ER+
baf01317-033e-4198-9d66-e91c7fc2bd37	-4.7998409710418635	-1.5701463329986818	ER+
05360705-c0c6-43e1-82f1-db17a4f49038	-8.25673374978863	0.07318962863015081	ER+
de7b88c3-e78d-42d2-97ba-1fa023e46539	7.8942230578110735	-4.425564024363982	ER+
03b92f89-07b6-4306-954e-a4a52d4a113a	13.630529903262733	-5.623150414098711	ER+
cf2ec046-7565-4bba-be63-1a859ee6ff3a	10.082483690866963	-3.2941584963317445	ER−
7b27cb5e-2f49-49e7-af4d-59918800eb3b	-2.516267748514911	-1.703625778370746	ER+
c5c2fe8f-7e9a-40e5-b1e0-61bb0f25b63c	12.214623108520197	-11.638248444134057	ER+
c0ff6201-9bfd-4c95-9770-b122d8206c3d	11.022425002225466	16.424626922438556	ER−
36f63b8a-5f8d-41ae-958f-8b142feb1a3d	1.2385364109329846	-3.210608646140855	ER+
724c1952-4366-4daa-929d-cdb46478d03d	3.1658480745743027	9.747807840426642	ER−
bc9a5294-255f-47a4-8879-11c441093a3d	-2.3841486657960336	-0.5033649297916569	ER+
dc7c1407-1b5f-4827-b319-810babcb9a3e	13.507772372537076	2.468236247917792	ER−
fa5bca6c-a84e-4baa-9af4-3304f6364440	-6.520737204490652	-4.446197735913497	ER+
97c6b590-2c15-446e-b31b-444880489441	5.540250016467681	-7.142513494522956	ER+
fca0db35-708a-45a5-8f18-cc0b0a123f42	5.761175210969475	-9.359233493281204	ER+
07b99b18-192f-40a4-86b4-219eee164d42	-9.700473216213629	1.7039351113064636	ER+
29c63350-f03b-4c65-979c-53ae84e20042	-2.0766319016365626	-3.488387243531102	ER+
97195e98-3256-464d-89a2-f025edc38c43	16.106853953907812	9.955031818360995	ER−
17ca0dc6-8ff2-4d03-adf7-b12ac8c5da44	18.678644120110107	11.073415630309974	ER−
a4cecc77-3764-4f27-bd37-d7e76e436944	-12.615465759182783	-0.12101204317267314	ER+
90f71a59-d80a-4b73-9466-4a5fd6717845	3.398651620054885	-3.796739967189858	ER+
e313b1bb-b85a-4dd9-baa8-017bfbd87146	14.092614536357836	-12.52927165883552	ER+
094703fe-a2ec-49de-aefb-dd1dd3d80f46	-4.428450399435323	-3.1858958297254096	ER+
80a10e2c-6e0b-4b9e-b3b4-086a7cda9a46	1.6358456185084067	-7.295513425805434	ER+
db7fd043-2a8f-480a-a208-912d99ce8848	-5.058161740949347	-3.015530004584869	ER+
836f841e-4b66-4ab0-957a-5c62be787e49	-5.692915318246101	-3.796799454493644	ER+
ddda0800-c911-4d1c-b10b-7df641b31c4a	-11.156208571272362	6.167469580321519	ER+
d92aef7c-fa39-4d0a-b003-9067a7f2d14a	22.801266754774403	4.9673544676586365	ER−
fe646ed8-aa01-4cf1-bff4-1e9198e13a4b	9.283937019670448	15.876663206095868	ER−
795d478d-e1fe-49eb-92ad-8b1b145f944b	-13.980027633556254	5.0552946125400124	ER+
38fd8c2f-fa63-4e3f-b803-651c7fc4844c	-3.0763744198405463	-0.5255391154029648	ER+
cfd5c33b-c102-4f62-b34d-c178342ceb4d	27.92475446961648	3.335906102453774	ER−
1d94d213-147d-478a-8e66-767d5c5b044d	17.65807756178169	5.631019181835968	ER−
55fee8d3-acd5-4366-ac30-c66225debe4d	17.161769310307232	4.722116919389123	ER−
3df0cb8f-4559-40ce-bcf4-4b038929fb4e	5.13759883952672	22.135284470385436	ER−
9aabe7f6-9ea3-41e9-b763-418bada1cf4f	-10.726070763044385	1.2425707844534621	ER+
00f7bc18-f333-4231-8d78-338ef77e394f	7.081760202529841	-10.615525178197013	ER+
4bb7a412-9471-41b0-8974-140d5a2c1750	-5.920931531037917	-4.435412245227789	ER+
bdd03456-777b-4e94-8240-cd6b1d4eac51	-3.603353963683776	-5.072273131914873	ER+
4885697c-841e-4839-956f-cc050578f453	1.0361010441988425	-5.522186031782072	ER+
a745888d-3960-494d-9bbb-296f515aec54	5.067892992438273	18.372738565499123	ER+
1ed844b9-60e2-4e6b-aec1-6b9489147a54	-1.527503969191768	-3.701782381800724	ER+
b8042e2c-b5c3-42bc-9149-e56e952e5a56	-4.730991523349817	-0.9059616717551457	ER+
59d0a0a2-6241-489e-9e65-efbbcc312256	-6.131475169036185	2.2964740624451045	ER+
3551ea04-99f5-4748-8304-6a63e77ae756	-1.9440895573904584	-3.299051727948135	ER+
0c24c03a-fe76-4fa4-8e63-b3a6f908b256	-15.337912397914526	0.9960948049896564	ER+
1b75bbe2-56c5-4979-b6f3-2e79c7642057	-7.7777410105798115	-5.849864519163219	ER+
6a0043eb-58dc-4659-889f-b39bfac57258	2.2478561705665427	-9.20796919891094	ER+
6fd76033-7c26-440c-beca-144bd18f7d58	-7.027855950431021	-3.8383942200907795	ER+
f7b0d141-4d33-4a6e-8e05-08f7cf325459	-2.012845696335404	-5.707893448381594	ER+
44047435-3e87-473a-9231-b61fb0d5045b	-12.159269919463371	-1.146273709446012	ER+
ec9dd1b9-15aa-441d-8d80-d32f663b3a5c	-7.100269755224754	0.3385485438773462	ER+
10fcdd7e-8103-423d-9b4d-85223d9db75e	-4.583555418054145	-4.088323049750502	ER+
b11edd8f-c129-455e-ad2d-491f80f36a60	-10.779862059892533	-1.567915808844586	ER+
0eddef62-9e5a-4ed7-a319-9462514bd162	20.826743296157634	11.764323287494886	ER−
c2864531-cbf6-41a1-87dc-d166ebf8b962	-11.768253779639096	-3.985771816777413	ER+
5836f2d8-cb09-4aff-9cdd-45eeaf835262	-16.158867558669126	3.5535953665293554	ER+
10986c8d-d75f-4a89-8d0f-9842ba9d1263	-4.899003586417168	4.433840232986566	ER+
61ae67d5-e167-4e32-9fce-27db9c48bd65	-7.362816025281238	-0.8604246127573177	ER+
c63b843a-e3b3-4714-a0a2-ab93da5a4c67	2.8515651425248993	-8.755170183399352	ER+
59705c6b-02f5-4e49-ae4c-f2510112fe67	17.819920558800188	10.28133364311888	ER−
4a47b575-d714-42de-991a-e4841da0bf67	-1.4266822640372192	-5.752916816349065	ER+
a68dd961-6d02-4e6c-a5c1-5a9f45ca4668	5.430106160227509	-8.159960100923145	ER+
6923944c-7d5f-4c86-9eee-070ac00fe369	-10.352104419761904	-6.127724863864844	ER+
3abb29ac-deb1-4bd3-9b6b-a220e8405c69	21.128464275351416	-8.221213276319547	ER−
91382c7f-7fec-4369-b1a4-60911a47c56a	-23.127876962242606	5.104729674823078	ER+
734f18ad-2dd7-4d08-896a-d7558806c46a	14.71812567298707	11.178031562215654	ER−
305bf2f6-8d2a-47af-8bc3-17460178a66c	5.4103681820811955	-9.1778480312607	ER+
5b527fb2-9de2-419a-9f62-989333449f6c	10.121434775198649	18.276234803416706	ER−
7a4c087e-9638-42f8-a438-0f5c4edcdc6c	2.367965420359602	-2.3178584928442905	ER+
117ab6a3-d288-4bd4-9271-47abb2f9c96d	-9.373617309627466	-5.303448138240974	ER+
cc47585f-e1f7-43c0-bd9a-af83fe879e6e	-2.986624200855254	-0.9302986591601141	ER+
3de60b02-74ea-4682-82df-ee3ef9aaea6f	13.686204742443472	-12.432605511714668	ER+
06ec98c4-892c-48b3-9421-a24c33c51c70	14.1150412638581	11.683841198900868	ER−
64e2fb31-8ac3-4162-825f-a7680f410f70	3.791483315810028	-0.5556362877259462	ER+
679ee059-ddd9-4138-9973-51a583941b71	-4.780015159636011	6.009944622279125	ER+
d182d919-c57f-4004-93db-fb1723a82072	3.110293122851577	19.75702310102047	ER−
abde491b-056f-45c0-b53d-d21f7f12ab72	12.332046634772771	13.253078455508719	ER−
6a927416-1e12-42e1-8f9d-16a570f34d73	0.010410676591893727	-5.924966097806784	ER+
a993b87b-f1f6-4703-ad34-2739e93f0573	-21.970192876303603	3.7148512798629807	ER+
7112c999-f9b4-4754-a45b-e2c653b94374	5.0090389559892525	-10.342247654562348	ER+
acb911bf-1ca0-4d19-b05b-0e6cee15b974	2.0414016392608985	2.52992507420183	ER+
e08f0600-73c6-4144-8af5-ec31097f0e74	8.378729977957274	-8.66507373153032	ER+
a4967738-7fc2-4270-a149-56e459edb875	-0.2751309663138799	-7.348006535931138	ER+
6506402f-5ab1-48bd-80f5-6d53c1a7f775	22.06891331999675	0.9315235933383785	ER−
c6f4ef8f-353c-463e-8069-fdeacf556176	10.12891497000109	-14.71323210130372	ER+
e0215e64-2787-40c4-a8bc-8c26118bae76	-21.66352053495187	11.254947997190383	ER+
54e008d9-5e13-4969-b03c-6655b570ed77	-3.637658356937129	-8.492727140942455	ER+
f05c2816-d1c7-42a1-9ad4-ad787b256d78	-0.2644970348879784	-5.420333880062035	ER+
6f77d195-0c77-4860-8142-3cacde1f3279	11.189826132891698	7.92953884100885	ER−
59c375b4-60fb-4598-a146-5b175c2b8079	2.5357961937783693	-0.7123290386847576	ER−
b38ce2eb-7610-45c6-a83e-bbc16a341f79	-7.9214081617725896	2.5845803236313944	ER+
c90561af-452d-47ca-bc9b-3a0e1eca417b	-12.18068307401386	2.2173140345169107	ER+
d0027a32-a9e2-41df-9b47-76bc9fbcdb7c	5.885713353096738	-2.64662561675932	ER+
b081b69f-bb9c-4e5a-89a4-2842fe2e557d	13.082028781867296	11.367961434164611	ER−
dd138ff8-d54f-4a77-aaf7-dbfea3beb17d	-8.298344129362146	1.7819074389345078	ER+
ee4e1acf-6b66-474b-8f0a-120068b7557f	4.068053986855221	-0.7344019940144293	ER+
c68a0a08-0c16-4b8a-9da8-af167ab1d67f	-10.71272414109256	-6.815856937290639	ER+
b7971e42-45f6-4f58-a97e-e6d97e8a9880	-12.479904833428968	5.086289729493743	ER+
2efd38f9-54ae-4e93-9a46-cb7e24be4481	-3.6194780899629064	0.6141911011470348	ER+
cabbce72-a7cf-452e-9dc3-eb48ed23df82	1.1889020513692083	-6.763609042788586	ER+
ca6d11cc-6933-4eeb-a3b2-b364608abf82	17.665166732929134	8.614631278113897	ER−
4cd84adb-81dd-484f-bd75-4ded4b0bef82	5.089741501269419	28.062390952623517	ER−
1bfa2c76-884b-4bd0-b800-4e4e0918f183	-15.380269524764797	1.2847667454091716	ER+
04c60003-5d6d-45ea-957c-e54aacac7485	3.6455255455660693	-6.450100087698102	ER+
c6e86718-2005-4b9a-af82-0dcbf74ada85	-2.4819262876322656	-3.4419880387146677	ER+
c079cc60-a420-4f66-8b9c-32dc51c49986	-5.63480655653473	-4.472880385074628	ER+
4a24493b-b019-4c20-ab5f-9ddb9739ff87	-2.2204208353889805	-7.244717880741672	ER+
703ea797-79e6-4ace-8717-ff1f3a9bb888	-9.949158438835454	1.1613223408268571	ER+
d7877cdd-a69b-4d4c-bb62-d279e18dbf88	2.8704969439658976	-5.635591201836155	ER+
49b4cdad-26fb-4b62-aea7-7db13f13c389	-1.0735442748612605	-7.312994535054637	ER+
dcd932d2-b708-487a-93c1-8485fbe9048a	-7.789799757036741	-2.5282533977239807	ER+
e2cfc7b2-7c64-4776-bfb8-9682f745078b	-2.0553127374362807	26.50360693302086	ER−
c3e23136-7190-4d08-991c-93afacc48e8d	-5.613581627160083	-4.061927625209822	ER+
2e3250b0-d754-475f-be22-9ac2d0c5558d	-9.655279205358239	11.09336753506094	ER+
172944fc-5d14-491c-bd4a-f1eaae96a38d	4.951653245598488	21.357252691730526	ER−
ea38585e-e393-4e7f-a2c1-64b33caf168d	20.19139060612173	6.189057762582806	ER−
46563983-2b05-4eb7-9e15-07487565158f	10.343405662975712	-15.44370248204322	ER+
fa6ce09a-c597-4223-83b6-39dc39ac828f	-13.178318567040227	2.1226850343146975	ER+
c55e5045-85c6-4061-836b-5e5068b94990	4.395107384287402	0.4320914004017448	ER+
75f1e6b3-b296-49ae-b065-b4e39a986790	2.6885419812731812	-2.166148435576438	ER−
0776889f-4558-45a5-ae1c-3d8f23cf4b91	-6.285873986598142	-5.0109536222539965	ER+
7ed6588c-9071-4698-9876-1f7273591991	6.190440621746665	-6.903965774484429	ER+
4073d568-6777-45fe-97cd-22d8518fe991	-0.5365905185868041	-4.653363661000499	ER+
bbe71e31-d998-4559-8bd3-06943c89f492	-8.555130862781755	0.5674683660567102	ER+
054b5cea-03f3-4747-90bc-12cfbb359393	2.157492919246556	-5.90104577508256	ER+
ca308e28-e476-4e9d-8e0d-7eba884c4693	-0.8365103548902608	-4.469399104455168	ER+
f7a29451-3212-44ff-96ff-6203ce7e7593	0.4302470045716383	-5.066317573248419	ER+
9e0bc893-3036-49ee-a807-957b90b2a195	4.00641851573666	-9.67486734617886	ER+
afa6298b-7dd3-4504-9251-b16d58c7ff96	21.108186990751104	3.736452919841134	ER−
7725ecef-ce7a-47c3-8f39-4a9582175497	-8.026583663994344	-6.060294897895334	ER+
59ad0679-53de-4370-86ac-e3a9605f6997	20.36680482100694	3.106359454033935	ER−
f15d5710-3511-4133-b307-43c0e5877498	2.9697975157073926	-1.3596184114874459	ER+
1e2b2f45-6629-41b3-8498-321a2e726698	-22.28069823868162	1.9702406885651058	ER+
eb667236-8f51-40a0-98e4-e27fa32b8999	14.424780893180905	7.570546957937817	ER−
fdbd24ed-a293-4f84-a418-8ab531750e9a	-21.34982106438911	6.534782494559476	ER+
03c22fb8-0643-48fb-a09a-6119f722c09a	-5.574822087726527	0.1940109400894062	ER+
2cc9fd5e-76c0-4241-8b75-0d8c037b969b	-7.52057121498541	0.28780936797969964	ER+
4ab84b93-4fb0-438f-aeed-5cec81e6589b	6.86963799170383	15.959918500645857	ER−
4411941f-9a7c-4bff-86f3-26c959ed849b	-20.698325468732953	8.015730633120965	ER+
079eaca1-0319-4b54-b20b-673f4576c69d	13.96210502210206	5.975008600372221	ER−
91a45dff-d6c6-4a30-b79d-475dad0a609e	-12.088597379792612	3.1934562542125042	ER+
e6056c84-d3db-491c-aae0-291991c1619f	-7.922922420028676	-0.544042186322897	ER+
4dbc7a58-f09f-4209-9686-05884e4668a1	-18.571871321046082	7.433513007560422	ER+
1f1c74d9-86f3-49ea-bb26-2c09efecc4a2	-3.669463384899915	-4.7134119450986764	ER+
3676ff64-9f37-4ee8-84fd-84131dae04a2	9.425770793269516	-6.365996000143106	ER+
87c9f796-21d9-4b51-a129-0dddc39a06a3	9.270014155048253	-9.878704504410427	ER+
ea2e8ecb-841c-4224-9468-ed2d649c31a3	4.158270594174656	23.2702426353056	ER−
d0920958-b342-4844-9fd6-93f3784cf5a4	-24.435858906095255	7.200737782563538	ER+
e21f5a7e-518f-4e33-8930-eb268fc168a4	4.7929200613402925	-10.24675947775307	ER+
4d845308-2bea-47bd-bf18-e0b3ebcb81a4	-2.7168092171919094	-3.5903233271904402	ER+
fa17e3dc-118f-4cd8-a79b-236a3776cca5	-6.4611578551185564	-7.99845155091613	ER+
b8a40edd-83c7-4ca0-a5ef-9b8614e8b2a6	19.0075145513683	-7.2174434904051035	ER−
85853af3-27b0-49e0-9e71-478019ae1fa6	3.8306448669132527	-7.397671090247221	ER+
2a54226f-50a1-466d-859a-6c64575fc0a7	8.49499816935641	2.2447058351635873	ER−
26b1f23c-8bc2-42b5-924b-b51f25c84da9	-3.0501665820321153	-11.154443824470764	ER+
6d611ffa-4268-4c6e-aed8-42557405d6a9	-5.749859118280953	-3.3710470552714713	ER+
635263e8-c2ca-497e-a55f-1f938f22b7aa	-15.040753633151231	0.7912336142900992	ER−
6559039d-b6f2-4bbb-b10c-dfbf22dbfcaa	-4.406327175757805	1.6318437677449278	ER+
56719fb4-48e8-4dc4-b3f0-6aade70276ab	9.359834861032978	17.801542415850896	ER−
dbecbce2-8aa9-46dd-bc74-06b18bef9dac	-7.502203764016533	-5.2367346700947515	ER+
dc75c731-6dba-4dca-b8b2-af97db11ceac	-9.26918061041114	7.650228724980339	ER+
a451ca06-e1bf-478b-9a50-a0d8c3d4a2ac	9.39134473700615	9.0118419317029	ER−
896a84a3-f8a2-44c6-b48a-dbf887f8f5ac	0.17148099501723313	-3.9275779048843384	ER+
37cc38b2-2c87-4add-b8c7-a0d2343448ad	9.972086079557627	-4.466893556902232	ER+
3d5e28a0-5c13-4049-8bf1-3ff107dd0dae	-8.470135844489468	5.415313910540361	ER−
839d7d71-2360-4d8b-a935-67eebc2f92ae	4.2854290092466565	-7.42630956448991	ER+
73835c8d-60bb-4001-80c6-2a7afd8709af	-0.7792537186425926	-3.0460144772253006	ER+
ba3e03ef-663f-437a-beed-897a2fd80daf	-3.1598263562944955	-6.1025197448386725	ER+
e0f3fe37-09bd-4be1-8ca9-ea1870f6f1b0	7.600105670113438	-12.316830108397514	ER+
8379f24e-3bff-4c1b-bd4b-1e8bec4199b0	4.475993785302692	-8.891384059508587	ER+
10848c09-8257-426b-aab6-eedcab1274b1	-2.893965639084356	0.5846068826302717	ER+
c2e78287-f440-4bcb-b9dc-c8cda71760b1	-19.244717022948166	13.346381152373528	ER+
72ef685a-00bb-42c5-bb4f-4cb52b798db2	29.557808317955814	-6.806724453221623	ER−
1dd762b5-653d-4516-8215-1ced908182b2	1.8638096662028454	-4.491112797976385	ER+
41951aff-344c-4b10-935c-6dcdbb54c5b4	0.8451811746033854	-3.8741463092342485	ER+
479dca62-5053-4919-9d21-695298aa76b4	2.317134915136719	6.643474950234659	ER−
1bc37328-9c24-40d3-bb7b-000e0f562cb5	17.96329659090056	2.7796475823244213	ER+
118b6525-67d8-4bf1-9b6b-6d22d52e06b6	-19.448322689226323	2.9408804766007948	ER+
2ac38cda-108e-4553-893f-f36211922bb6	-11.299594950066355	6.1555999810518065	ER+
d3e2d033-1203-4844-8559-aa34763d37b6	-20.792919894579388	9.015138732661114	ER+
f158d317-0800-492a-b47b-5b8e2052b3b6	3.4999904173667917	23.568688954033775	ER−
d9284565-a153-49d8-8e01-a90eca817db7	10.576950360304922	21.238765308947233	ER+
ae483bd4-01d6-4cdb-bb2c-1763a5101ab7	10.663430233435768	-11.350069941395972	ER+
db4d15e2-063b-4bdf-a410-f574b73509b9	-2.3100754839142925	-7.700104582977512	ER+
c559d965-1125-4cf6-8205-4286ab6aa3b9	-3.5456603326832776	-2.197172821523904	ER+
6c837ca9-9e6e-4417-a540-99cd3740c5b9	-3.5822615925017764	-4.007383842831006	ER+
d06d5373-6a1b-474c-9279-10fcb29f59ba	17.152818448510807	7.774769445677388	ER−
79a4ea16-b871-4932-b1f4-169004233cba	2.073029310157266	17.781609708081394	ER−
9f6360e2-1df2-4459-9103-5073926e93ba	3.611675221242809	-8.03725271135335	ER+
6e218cc2-0437-4d31-8d22-7d15f63297bb	4.553430301090398	-5.851992385028243	ER+
37b29806-fbd6-432f-9a47-ce72bee3a5bb	21.641482200926223	-5.5316093409102916	ER−
1ba70680-0a89-4ee5-9a45-32eee0b36abc	3.546485486717692	-4.260458648885586	ER+
6e3cc012-2192-48b5-bd38-92ccda12a0bc	-10.145915205421772	5.708101944787614	ER+
5c1bc8ce-63bc-4151-a9c7-7929d399eabe	-1.1082800552448664	-7.721586183260324	ER+
aaa54a0c-f437-4e0e-ae39-977bebd517bf	16.614359116758923	12.274920690084269	ER−
babd334d-8eeb-4cc1-af95-c024dcdbd3c1	2.741503058299453	1.990886202179109	ER−
a426ab8d-d15c-42b9-bf81-a3ca7dbae8c1	9.880148828356985	21.37640768547623	ER−
71b02059-b87e-4288-b02e-6470d6a582c3	-20.602850164050885	7.729790125411136	ER+
eb3aa089-6c7a-4e61-8de3-2a59bca43cc4	0.20201214567236725	-6.803068722020854	ER+
1e87e8b3-e97f-4ff7-9531-efbbf0b1f3c5	-22.92517791171667	5.589623646207883	ER+
f39ff3e3-0636-4949-a0a1-9b6163158bc6	-18.928907961534385	4.437135176588948	ER+
385ccd40-d009-4185-86b8-a0fd28e5b4c7	4.375975190611399	-7.156926236221867	ER+
b3ef58b8-6ab1-4101-9157-84b61953d5c7	-18.906326963907834	4.535483102871927	ER+
cc684aee-6d8a-4074-8474-1c4a48dbc8c7	21.393880799297943	8.845320704868621	ER−
089285f7-560e-4952-8c71-8f0f01d655c9	13.700617322899458	-5.126361000504932	ER−
8e47d178-8309-4a01-9ba7-5a48615158ca	0.5878931229794586	-6.521174925619703	ER−
9a756d11-4f93-4a52-9755-c338b21ccdca	-9.374152157439609	5.6030094582579055	ER+
594d9a6e-ecf8-4fcd-aebe-de81c638fcca	7.30622543116015	-5.0375964685018975	ER+
b5d1e2fc-ad5b-4bcc-aa60-0cb94fb09fca	-20.01220065530505	7.626060376839176	ER+
0299b03e-af72-49d9-ba5e-4620e69f6bcc	-5.036994468881615	1.0347154559339231	ER−
2437a516-5312-409e-8679-b85bb60530cd	13.214363731540146	16.37390137157226	ER+
f4a7b03f-d692-4f5f-8401-400b430b17cd	7.588477082621903	14.862508636960003	ER−
4ea1b1d3-dd62-4991-9119-88c00c6b83cd	10.387669453017795	-4.647493805905082	ER−
c3916163-fdc5-4048-9ac4-bf3de91091ce	0.3843904595581783	-4.416372591314731	ER+
2c2f376a-2aa7-4c45-9056-b612707c3fcf	13.952332309911542	12.273284010723744	ER−
dfcd07c7-f409-4e6f-9773-e048355999cf	-10.641838957589336	0.52567519216908	ER+
a11f6487-644d-42a2-9f68-e773e71e58d1	3.1322024281617025	-9.45626805201479	ER+
fef6e287-8f0d-455b-ba19-7c48c2c583d2	-11.005499432519384	-2.7456162121151726	ER+
b5eea321-4e76-4fcc-831e-e03e9c5789d2	7.147238555168853	16.376169646392945	ER−
1324d8a4-b51a-49aa-b376-e70ce72fc0d3	-5.416499448781477	-5.99821638401602	ER+
8782807a-e8ee-4469-afee-966224f6fdd4	11.424105334342105	11.36223328997772	ER−
d2a8a061-6190-42ae-92eb-a145d319edd4	-7.019933482791015	1.6714890152019408	ER+
d79925a7-9171-4fb1-a898-9598ca0b58d4	9.926918777731121	-9.077229100539906	ER+
71b6caef-331d-4331-a42b-4f83dca777d5	-9.61940179008821	-1.1562793609883029	ER+
fd1bc717-18d7-47af-820d-7a8c6fdd4ed5	-10.164960348758608	2.1199183567926063	ER+
a3099c9a-ed73-44f5-ad88-14ae01373ad6	-3.837709135557312	-3.4811635038751336	ER+
681da261-2611-42bd-927d-9cdbb72baad6	0.9033227957077573	-0.25040286497619524	ER+
cd86eeaf-d99b-4bd6-96cc-c44a4263cdd7	1.9753490327252046	-7.9435215306415206	ER+
073c074d-a9df-4547-9bfa-1f46c27650d7	26.82090427369817	5.906712786141241	ER−
55a3afe4-8f9f-4faf-92f1-d15a9a562dd8	-11.274668406608393	2.0685578455518923	ER+
0f4e859a-50be-454e-9631-7aa4e18827d9	20.81627684295743	-5.5436039766409655	ER+
2f42c2ad-bda3-4f1a-b8e5-2d15df2a2dd9	9.697281718834448	-10.257990164255279	ER+
28170eed-5efc-43b5-bfd8-d71e1b8937db	9.235664712146727	3.1908213563142036	ER−
617f05ae-0af2-48c2-b093-090b3bf51cdb	-2.9678621526056475	-2.6142473706894154	ER+
1e3b860b-e8bc-4f88-9c52-c982add3b2db	11.98869113340293	16.09434273665849	ER−
3092736f-4661-4e1f-94d5-666e795017db	-6.40199281103216	0.43255176950837027	ER+
e15d9e11-5529-4b5e-996d-cd2973bc53dd	-23.682865398542997	8.096469845220621	ER+
e9e6b5eb-d474-465d-ba5d-3fda6f7179de	-3.687934213378492	-6.51999577448075	ER+
39bf9fe5-0385-44cd-a45e-29d432784bde	-2.5203984754889337	-8.11865141319882	ER+
5742ea72-ed77-4a67-9bae-f3a3d5eb96de	-1.331764307855171	-1.026638171899869	ER+
27e40510-f244-482e-983f-bbe4a2f85edf	-6.128386954010316	-5.032846277488996	ER+
9c7554e5-aecc-4f41-9b1a-5f82541bb4df	-14.533513109996163	4.569267367239041	ER+
d27541fa-68eb-4066-a6b8-6abd49575fe1	15.254002465765494	1.1742038462991757	ER−
1ab92ada-637e-4a42-a39a-70ceeea41ae3	1.432395420582694	-10.481318271802126	ER+
c91ab826-2d2d-492c-9b19-bdb8c8cf85e3	-14.60718997798133	3.97101134593614	ER+
48943dd7-03cb-4136-a6e6-d84a382260e3	20.158609053911473	1.4430172635503729	ER−
85380a2d-9951-4d4b-a2a4-6f5f2afc54e3	-8.326142121917723	-1.8794564300221042	ER+
682c11e8-099c-466f-bc8a-b09a754205e3	-9.157103324821302	1.4402412730614993	ER+
9b8b57d6-c077-4b89-b1fc-b868c9ba3ee4	-1.2305665040977989	-5.83052369781648	ER+
4ede70fe-c7cf-4caa-b180-01c5035ecee4	-7.984315365221056	-6.142770608074278	ER+
d63ffcfc-a31f-4281-ad8d-2fee7439abe4	7.679497170289824	-9.048338946869231	ER+
e09cd286-229e-4dca-9b8c-ca2340ae1fe5	17.561742611583615	-6.906960539205583	ER−
eacf55b2-27dd-48e9-b56e-f1189328f1e5	3.224060679160997	24.752338381185872	ER−
d47ce687-5215-4251-8df9-f4223f588de8	-5.9872824773670095	2.939321443341237	ER+
cf2e531c-2848-4ba7-8bae-3ff6d4dd5be8	3.4303368358791206	-6.240954171162705	ER+
fa75cad0-cab6-464d-8fee-147706c3b6e9	-12.193721707603194	1.309834212280155	ER+
be81c2e7-25e7-4beb-8661-115b58cf41ea	-7.9131465581789175	6.40586311920082	ER+
05cd67df-cfb3-40d8-a787-3d09886291ea	-10.024451497549034	19.08735367475814	ER−
0a4b2a06-3603-42f6-9e6d-e5595e86d1ea	-1.9020930773118887	-4.149305522463133	ER+
42c6e250-318f-4b76-825f-886a54e923ea	-13.5373893639967	0.2375881844750716	ER+
58758689-b392-46ee-bf47-47429727e7ea	-13.547428682598868	3.693659200606355	ER+
add7449b-340c-46fd-841c-414f967825eb	-0.11910327855230023	-4.475829648775962	ER+
fcf73a86-e756-49fd-b3c6-84170665afeb	-8.689351317921775	-6.279382666553625	ER+
0bfb942b-b137-463c-82f2-fb5737f0e4ec	-10.296612931495163	-7.060447804694287	ER+
673dc7c6-2d80-49fc-b6c3-531e7e045aec	-5.181574426979225	-1.2346779000732406	ER+
cc4c52a7-57d4-4959-abfb-8ed3b1ba4ded	-0.28873455479267573	-1.364683261169115	ER+
4909afed-792e-4daf-b002-b47b5b28c7ed	-0.061935846459842764	4.453813416880134	ER−
06a9d232-2bb6-4191-a664-5b8afbda25ef	13.07646404914227	16.44416272412609	ER−
726c25f1-9651-4d3b-8117-737225b449ef	-8.6996346331126	-0.5782367676763729	ER+
e08283ca-68e0-4171-b8b9-51aee0b1e0ef	5.879050987614827	20.8246995484819	ER−
7f67565b-180e-4491-9b8f-8184dc4e53f2	1.197248157523666	23.158907866245144	ER+
8f30f0e6-ce60-480f-b69d-8cd9655ba6f2	-7.345169987199608	-2.130896266204012	ER+
f0037f68-8f20-4668-a8ab-ace38717cbf2	-5.645459805450674	-5.869337058604584	ER+
8cad119d-652e-4d43-bb99-49f90fe5cbf3	0.1323713232099253	-6.8392746390282	ER+
61a5786a-1575-4f6d-8b96-75efc78410f3	-5.057444253562354	-2.9064994125595036	ER+
1bd3c6da-1de9-4dfa-b9da-a69c1840c8f4	12.871365974660945	2.259313772595115	ER−
88cd8f3f-5158-4e98-aba0-1abffcea5ff5	-5.368266993223771	-0.1300687145162279	ER+
192fa453-79d0-4167-8d27-bc3c07a664f5	-9.667107325444464	4.8356338511537915	ER+
4e232d58-ed36-4f53-b5be-a9a7ad3b26f6	0.9284854220565161	-6.5594336357907626	ER+
09aa29e2-8d91-48de-832a-859e76bd82f6	2.8113342079692014	-11.740441063804592	ER+
b11d1d98-5a21-434d-bf20-4925315e38f7	9.15922223745322	-12.943852719796144	ER+
6199b19a-7766-4a3a-8697-5d90799034f8	-8.851497993698617	-2.6356071580739826	ER+
13e5316e-1323-4018-b21e-10671d1ca7f9	-5.69903157973385	-0.03759930514082093	ER+
d59ae55d-eb0f-40a8-ac23-5f14d3bb3df9	1.9694246472455283	-4.148229549761127	ER+
0eecc108-eaa0-4723-8342-ddc7f91710f9	18.96979135627471	6.0670860625132494	ER−
599b0d4c-62d4-48cd-a93c-1dd1fe85abfa	-4.480679613705709	-0.38585636034961174	ER+
08962894-8a7d-4bf0-a562-5cdfba7e72fb	-19.067095285766076	-2.1386499660614824	ER+
4ce2bb39-0f4f-4cc8-b3b0-5cba38ba6afc	15.605057079285912	9.114754685538994	ER−
1701dfd9-74cd-4203-b2aa-b158932825fc	-19.2029647298484	3.8345703599152796	ER+
1542ed64-4a8c-44d2-aa6b-712b4145a1fd	12.911527178647534	-4.01424034327278	ER−
f339e949-a5a1-41d0-907a-d254bac5e0fe	4.544743773209604	-8.613753368378019	ER+
1463039d-7953-4216-9e8b-97f681332eff	12.579481277354214	18.816195046309325	ER−
e26e2897-1b92-47a7-959c-53d6bfdd16ff	-0.021695746712327497	-5.372724995962354	ER+
6f3a1f44-002a-412a-9df2-27322253e0ff	3.74691539403838	-10.682704536501051	ER+
cc668ff4-1dc9-44bb-8858-1417e8809502	4.413264895224838	-3.0129675390437574	ER+
03e71bd3-8fc7-4f34-96e7-b0e3a9ac4b05	1.6095766409757837	25.451162109868584	ER−
05127463-a69a-42b3-9635-575a08eb980a	0.5615336623210546	-12.106872009160558	ER+
70939556-123f-45c0-b55f-4843adad8811	4.266410883242887	-14.241611267444386	ER+
a6e7a318-eaa0-4ac3-8cdd-54efbcc59113	3.116311900944241	-9.059246563504592	ER+
8bb1342a-2fed-4cba-ad61-5290a05ab615	-12.312402454534135	7.748716785623577	ER+
82cd07ff-7566-4360-8210-eb17ecb7591a	11.924799382435708	10.035354629479453	ER−
6c677ecd-cc01-4b66-badb-0779b7274b20	5.276086958402021	-9.300461516597696	ER+
8cf5a2c0-93cb-40bb-8b7c-d07dcd830a20	21.81820663218363	6.255771604473672	ER+
56e9187b-cc61-4553-8976-96dd64e21226	-7.3648142589346515	-5.025624723649146	ER+
f265488f-7ebf-4be3-90fb-178543d05a28	-1.5364082721064234	-7.1316051331564205	ER+
7dd62104-6535-4900-9865-de45a287372d	-10.213690888869127	0.23147932289284542	ER+
39ceff6e-a829-49b2-a5a0-895cac8be530	0.13459572420127056	0.9525178915240884	ER+
e2a25905-7c92-4e43-81c0-d09268014334	-16.515273833881462	4.300196525894971	ER+
a8304bf0-ec4e-41c2-8fc8-90949c7a4f38	-6.249656150216459	-2.5159822529572264	ER+
c4ec541d-8bea-4b1d-8e7d-83b04e349944	-4.451869410566677	3.2163181035125024	ER+
35e082f4-aa88-4b71-a9ee-19bd7e4d4847	-4.269520506412784	-1.4586830184131188	ER+
90db18fe-20cc-4241-b66a-eaa3d5391d4a	-5.594211339931939	-1.0094519197928487	ER+
775d6b64-4d07-4afb-b227-38ffbd154b4f	-14.378334993061856	6.415145810168668	ER+
34ac430e-2cbf-4047-9a9c-210e7ae24f55	6.542721930892179	-13.505997140695422	ER+
8bf7c878-5dfb-4531-ae33-571bb424d359	2.984746386889731	-8.27479459207685	ER+
cc7ddd96-a901-4a85-8869-0c7be002ae5d	-7.750255114167118	-3.3052198105297714	ER+
8731f05e-b6af-4930-97dd-6c933dc91361	-5.38602695322412	3.933035899182848	ER+
0357e675-f83e-4aa6-9205-c72c0614a661	-3.7698999857473026	7.634891939705986	ER−
8ff6b0ab-c03c-4a06-a851-ebb4b0ffb769	4.565551338580332	-6.844479997396776	ER+
a004bafc-36be-4084-8ae6-0094194f9c6a	5.467939764578366	-8.71909306150126	ER+
37b9f568-aaf0-44b4-92bf-6e257ee6f06b	6.209924122201864	-2.5106633898896122	ER−
da35f73e-1856-41b6-994e-76919556c971	-20.976552165914608	3.9626087588309837	ER+
611393af-bc85-47f5-b66b-e3ef9941fc73	25.595975503794637	5.542584139583932	ER−
6f0df420-9ba6-48d7-91a0-7aa2cc5b5e80	4.84351321994547	-8.807779423287718	ER+
ceb674a6-b8ae-4245-af6e-83030d514b84	-2.8643865647293634	-0.5637015974264802	ER+
ebcf23a5-5f34-4434-9619-a4c864ece28b	-8.999177802281697	-1.5887371854649672	ER+
bb5a5553-b4f9-4c63-b9b3-22a928250c97	-6.484981294652749	-3.4568381527132277	ER+
f5303c4b-7008-44af-8d22-0ba38750dea2	4.417409324761076	-6.69226098682353	ER+
cf1267f2-a3e9-446a-ae7f-9c8b9fd67ca5	-0.08187660522516116	4.807856258846424	ER+
fa4cc864-9edd-4843-88f0-956aaecb53b8	-8.79704651313923	-5.246509605719498	ER+
997b8112-5484-49ca-bf3d-7aa6cd2fb8bc	11.976779570187643	10.643070656789304	ER−
79253a9a-6ebf-490c-b976-505880669cc2	-8.359421687138019	-2.183554478437899	ER+
555ed952-dc2b-4c08-8afb-40c386aa5cc7	-5.005579301971224	-0.06728263882827772	ER+
0d9269dd-b733-4f3f-93d4-58d6d51cface	14.420282453133579	11.367030073682681	ER−
cb6fc77b-63da-4372-869b-8e46c263a3d5	1.722433562644677	9.00231342371573	ER−
5b046939-1d30-44cb-998e-5c95716a70d8	2.855311314830427	-5.105609908668963	ER+
788e4f7f-7641-461a-b6d5-65f76c2fa4dc	-17.091403375218928	1.2928311220357511	ER+
0fea9d2b-08ce-47c6-b097-a7191eaaffdf	-8.170688622343786	-0.5128885469203677	ER+
8fff7fb0-88c8-4b49-a0cd-a7c0756090e8	-7.8196974898355425	1.4839983766501326	ER+
456dadea-0262-488f-8af9-63ca86c8a9f7	-15.340435538121996	5.416566364342428	ER+
d84bdfd1-33e0-46b9-8895-7d06a2d5e7f9	-4.578175699731938	-6.800467705383575	ER+
5b2072ee-b856-45c4-9c14-449654a40600	8.226510324829901	-9.51757690207377	ER+
49e91d8f-37a3-4b7b-8062-d3ca8f561d01	-14.27182016948748	-0.7034624535460491	ER+
02d1c342-bc77-49cc-a039-39a961521602	11.627053579255557	-10.143454257972666	ER+
f7b7f7e8-612f-46d4-bf4a-63befa5acb04	6.120033316674853	-4.923090083754019	ER+
808c3b2a-4b4d-49e6-b60e-2e05f7e9ca04	-10.970177901959548	-2.970164705635985	ER+
3c73d820-4cb0-4c21-9a79-aad1bf406706	-12.050858740239956	3.5727190273530556	ER+
f6d722b6-2590-4695-814c-0830ef0d9b06	25.553540479601672	7.891985333973221	ER−
732decd2-bfaf-409d-ae30-efc76c195e08	25.568951397208682	4.869034329953181	ER−
7804f23a-10f9-4ac1-a0fa-b1370fc68c09	9.104826152061289	18.624447554486736	ER−
d08b9d87-7327-4d2c-8b10-8a3973b99209	0.11904028445402667	-4.000998609116477	ER+
e61e01b8-3719-4ae2-a906-8d963eaad309	-10.250372728574645	-3.032738761350538	ER+
14b4bcfa-5b10-4aed-ab47-edf73b252d0b	-11.923430584049415	5.814293876205574	ER+
0273b169-68db-41f4-907b-bdb54f064a0c	-8.180940456329745	2.4847803346312842	ER+
a1b022cb-ca4a-4122-9668-92740016e10c	6.998039055687308	-13.838333230261897	ER−
3d3453a8-9260-4bd0-a4e6-a21feabc750c	11.785900234270251	-1.6717472690858795	ER−
a03bda91-0936-4c67-9508-4903f84c980f	4.949461186791925	12.31841573775376	ER−
26c483c5-c691-4756-87cd-30108ff3e90f	-21.0242729477912	6.804077963759231	ER+
58305698-457f-4e9d-a27d-7b8f98491411	22.479997842042287	-1.5823848139720835	ER−
f1b395cb-70e2-420e-9e15-1afd66eabe12	3.432423341082239	-5.375286240502474	ER+
419d0065-52aa-4340-9fdd-9b2b15f44412	-6.197504836027184	-5.426723019287693	ER+
7dc36399-268a-4388-ada7-4a56ea3f0712	-12.438939067288642	0.30251591065861394	ER+
049dd36f-6e0f-4693-a8fa-5f4042156612	-4.2124743053362765	-3.5081547236231736	ER+
016952d0-ae1b-4467-8250-fa799e757814	-15.654038852670562	7.13154653240036	ER+
0a71c7b0-ef68-466e-b294-b2f52ed79c14	6.115397632816934	15.566622059186793	ER−
f5f7b591-062d-4ff0-ab68-73d678574318	-3.7972710593875374	-8.999172617021182	ER+
dcd49265-d7bb-482f-b1da-d5d4098e9f1a	-11.792280441627819	4.093495119779923	ER+
56338cf6-8216-4cec-9a81-bf01d543591d	9.360193203399312	0.2816991099324732	ER−
4ef663a1-721e-4417-89b4-f201c2c3901d	-4.268983808491818	4.311715837297007	ER+
b506ab36-78b0-4b0e-b6e4-e241bba4961d	7.45304923096381	2.3849132746510713	ER−
b749ab2f-23d0-4d79-b35e-f17daa62091e	-7.370067847102684	-2.0911874737162113	ER+
dc8f9745-b45d-4fc7-9bb8-9733a33de41f	-9.108430305241622	2.3520095392625424	ER+
86bcff5a-f4d4-43d3-810b-1b32832e541f	1.199097920593864	-4.449723468212844	ER+
6a193b2e-ea8d-4cbe-8eae-b2486e65c920	22.722800466591714	4.1874209554028186	ER+
a0b6932b-d530-4b47-b1f5-b8429a3d3d22	10.261796123395445	-7.604355929412798	ER+
190129a6-ba80-4728-9638-9e2e1bb7b422	5.586131870061207	10.484058178763231	ER−
b5f328db-3d7d-4b9a-a5e1-639f07865f23	1.9536975041750915	-5.652891908824119	ER+
3cc6581c-57dc-431b-a699-a479a3fa3823	-11.27403679467353	2.4618107225068098	ER+
8a082588-a4f5-4cf4-8a61-fb1a13582026	10.759754064547838	17.97517973769668	ER−
70bea149-3cb1-4b6b-9b3a-84c6eb88972c	-0.6229082445055899	2.9791017304188	ER+
1874e6bb-c86a-4eca-b16d-58dd5dbdb82c	-2.589808068118879	-5.6493599511074	ER+
464746f6-2c7a-4969-859a-77830222752d	1.9404913545974392	-6.837073176145339	ER+
a685febf-4cb8-4eaa-8fc8-859f97fb7f2d	3.850994447083501	-10.820430562977931	ER+
a33b2f42-6ec6-4fb2-8be5-542407a0382e	5.866337972436371	0.2275513992672139	ER+
1d6b448c-1d01-4a8c-8417-b094ec2d562e	-0.4030371952167841	-9.52914111119147	ER+
8b948ed4-41e9-4441-9609-adaf4d3a102e	-11.441999301297708	4.9643636159858255	ER+
5d84f068-72eb-44aa-ad9d-6f8eaa4a8a32	3.586177316194431	20.395641566220526	ER−
118d1959-5b7b-4d2c-9e9f-970613f0e133	24.2124287373925	-3.6628203736590397	ER−
21821b38-6786-4078-9918-ec0e877c1533	-10.188613625980874	7.451386275044697	ER+
9d241e1b-2375-486a-ae6c-fba936cf5734	-4.801742318091298	-3.9781815237990883	ER+
8b3b9337-038a-4385-af58-d285a3706234	8.513458634561006	-5.446696051313654	ER−
d8e7120b-a46c-4581-a4d5-b8c25857bd37	0.09435197930820745	-3.0224648805184686	ER+
8236a77b-e07e-4859-86c4-c154f706c239	6.945001959600523	-7.720286239749337	ER+
48bd0e00-be54-47a2-9aed-73c0c863fd39	-12.516308226864867	4.306208757731831	ER+
8f055354-92f2-4d3e-b47b-d17aac07f93a	-8.516662111068095	7.81134003292678	ER−
04a48065-ea14-4c82-82df-b7784d70193a	12.397490559782144	-5.507305041540381	ER−
27c0eebe-589f-41d9-8bf7-c7da0ed87a3b	0.15599361895638733	-2.0966628843981914	ER+
023cb548-c867-4c61-882d-df26e12dc73b	1.1417062326965	-3.808048754506824	ER+
8b76dba5-6848-499e-9fb3-611dff72123c	16.288314009695657	-15.31825681667859	ER+
58fb7633-df82-406f-b4cb-277be8de003d	8.106880350541452	-4.881207632433049	ER+
f26e9388-145f-4c86-bf5b-5dfefae6f43d	23.156489970365996	6.771392349776912	ER−
ecdaf208-d5e1-44b3-a181-cee1d9440e40	0.7370456784097366	-2.2660922672632884	ER+
e1d2bac2-664c-4e09-b008-b879aab76841	-1.010876284315541	9.569148168437195	ER−
7bb7891b-0697-466a-a003-4f9e06358d41	7.244186440646769	-10.656577261682573	ER+
775e9758-cba2-4b87-844a-120e56fe2141	-2.793083941550417	-4.849069218224932	ER+
de5d6071-f5f3-4d8d-be76-a49d92014641	-4.504271207312973	-5.104964002371704	ER+
b614cf54-cecf-44c1-813e-6b036b071d41	-4.587233313828184	0.8408100772095447	ER+
a0a07f44-c51b-420c-92e8-65f464db0442	1.524597891778156	-6.412515904476933	ER+
24e09ef7-b902-4624-a7fa-1b649e3ec142	-4.770795960310216	-4.636040938664119	ER+
76376038-5810-476b-831f-9bb938941243	10.582289237708826	9.663207631347694	ER−
bcc79c0a-f4d6-48fd-aa37-4e0d1017f443	-17.71483297118985	5.1324665958634235	ER+
17899f0b-76dd-48ef-893e-c7e95118b243	-1.014946039948417	-5.382464154701836	ER+
47129fda-ac0c-422f-b7e3-f293cd1c5443	1.8091386313841178	-5.547226255157039	ER+
e959e8bd-d13c-43c2-840b-8e19211eb643	-16.18939518857925	2.9691026987070823	ER+
ce80ac41-e93c-4aeb-a3fe-ae7c7806b545	-8.66828388542122	-5.6641730489969255	ER+
d330b86e-5373-49b2-87c6-dc5ed2021b45	-19.09480124789188	1.4115480052969125	ER+
29635f4d-3149-49bc-b960-ff863d10f747	-14.573661397048213	1.2037787733113545	ER+
9972daf9-73b0-41b3-9de3-da946e65e347	0.12294593795688391	-6.150907199106015	ER+
9807dfab-fccb-437c-8ec1-f3a670b24947	-4.361463052121807	-2.3039940086053172	ER+
16326873-7589-4840-ba46-6b2995e2dd4a	-3.6493454092397726	-1.465790982999682	ER+
60c90f17-b6c5-4a39-b4ec-a74c669b484b	0.8954087822847823	-8.304086963248704	ER+
04d86cf5-1b75-440b-9dc1-9b5bb2471c4c	0.9151112026305939	-6.983122829518901	ER+
0a858ad7-1c4a-41a0-9747-97c108cb074e	-10.665813822305099	6.9649459882371225	ER+
7ebc9015-6907-4467-9468-bc1b57c9b24e	-9.16012133379679	4.33787032120479	ER+
bea15d17-963a-413e-80ed-828edb735550	0.4471569519768299	-6.87530627520688	ER+
e9a9b482-a15b-493b-891c-387e2f327751	-4.423816789921359	2.9663345180239857	ER+
b8de7c7f-5de1-45b9-948d-cf5df3850551	5.085743497046518	-6.793638003009878	ER+
faa284cf-abd4-4405-b847-ad06672bf451	12.943397526688585	8.341503773334779	ER−
6f54f9c0-5687-4a07-bf75-b506752b4a52	-15.994052356305994	4.7858121072961195	ER+
d671e954-4cac-4449-8eb1-163e478fe052	3.2106775126466514	-3.8033994283708097	ER+
54f8f899-df83-42dd-bbf4-51d7583e5652	13.21526669556607	12.77837327950629	ER−
508c73d0-3a7e-47e6-934c-2cc68e00ed53	8.739426836899941	15.329873949560263	ER+
0e23c7f9-d54f-4a6b-b1da-f28e09c9ab55	-0.44309891779580923	-4.549031073815891	ER+
ae43ff42-0266-4cd1-8c27-c3a2db9c4f55	-4.205868922683557	4.012763688335916	ER+
8514955c-57d3-4d01-9cd6-da04592f4955	10.408101994522662	-6.701866216054405	ER+
9065dbef-8bea-4e06-a4e5-f4c422b47a56	27.732952615740768	5.563387328034235	ER−
a39ba4b3-40c6-479c-9407-01616194b057	14.218562311570341	11.307546458717205	ER−
8c3b9672-d44c-4df4-9912-47f93f0a5c58	-13.20366339066938	4.617911098892172	ER+
b715c1bf-c3e1-43b5-8480-462f38692e59	-13.007513344134159	-3.5204313131266063	ER+
00f5f2e4-2971-46e4-ae00-35fe31af4e59	-1.9711106653586665	-0.9055344198043374	ER+
b8e6b405-7d74-4fb8-be43-73af4abe105b	-23.62267486724632	10.125111587072299	ER+
08231a66-dd8e-40b0-9aec-850ad057735b	-10.070387812184931	3.011716344773696	ER+
b177e48f-77cb-445d-b938-260312ad175b	-14.723340721384877	-0.7780770139991998	ER+
382d9830-4cd6-4c06-9c87-9a83dd01e25c	-5.6404732853566255	-4.247275561881764	ER+
0d957b8d-6ba2-45c9-ad9c-5756e79f685d	0.9567335131933108	-1.8536875369755481	ER+
9e9d512c-c175-4e94-bdd7-9df6fef2fb5d	4.41158185885428	-8.100580221083503	ER+
41396ec8-55b6-4a3d-b5c4-ca6bea83b75d	-1.818407539549685	-4.243142546436569	ER+
f454329b-0b6c-49a4-8336-8d6dc0e2d95f	-1.4764961242595138	-5.834439754474531	ER+
00f70d11-3b58-4517-82ec-258cced34a60	27.94830728884811	2.3342532973348726	ER−
6735b42c-e2cd-4b24-9ac2-5ba1468acd61	-7.468186652603975	0.39206734177351926	ER+
83f80e90-6546-4545-8b4e-f1bcecf77362	-5.997592296673664	-7.650594963977685	ER+
444a731f-500e-4c09-8765-d961b0062662	7.655198728034402	-8.477838199970055	ER+
2b35585d-b48f-4b09-aab7-d1130afab763	2.2344225769116197	-3.8880283353558127	ER+
cbcb8c2d-0613-45da-975e-1a0196d38764	-10.348634873155158	-4.056766270916423	ER+
62317c69-f03b-4622-b4bd-a99b88d3f665	-11.036927425759403	-0.6477819639672983	ER+
6e449869-a14b-4fde-9664-6632e92ad565	-9.44813328548977	13.02445065658722	ER+
04bad3d4-22f8-463e-a191-77901eb17f65	10.565104962107077	11.880104251804095	ER−
3aef20b4-1c89-49c5-9920-e6fd0bf60665	20.54840549635909	-10.929610327458551	ER−
f53c3d33-7501-46e1-8125-56fb73083b65	10.199543565402827	15.667752937802115	ER−
38b0c53a-af60-4610-a6a6-360550059966	25.253718225829807	6.397604361738329	ER−
eb9fcac4-2937-46bc-a560-e506412f8966	-0.3145003383016006	-4.34580397320374	ER+
22cb86f1-88b4-405a-b20f-a29694950367	3.4782962845355243	-8.087762648870266	ER+
c7feeb6b-05e1-4ebf-8790-4e9060c48367	0.4158244749615895	-6.168270852249706	ER+
0cde4402-e1ac-4b6b-a000-f579f4c2d168	10.612016797023315	-9.303873316463486	ER+
e286f56a-1719-409f-823c-da63da424f68	-5.765660419714612	-3.0684487902724427	ER+
1324c50e-3d79-48bb-bcde-28a0e5b73f68	10.196261889035696	0.27332147183300576	ER−
f6287cd9-00db-4b70-aa67-fe581d36306a	0.6397648642553204	-4.164927502519576	ER+
0a7b187d-80f4-4cc7-ad85-f365d455df6b	-12.101582515836434	-2.119968218827093	ER+
cc52bf35-48f8-415b-8b15-db5d7e17a66c	-11.882560442613837	2.111299979469596	ER+
7b6863e0-1ad2-48d8-afd6-57e636fae26e	7.135372224648234	9.656402221082471	ER−
9e781a09-cbb2-496a-b3f6-b1b8b514836f	-11.467934207561868	1.2540743358304043	ER+
3601ad2a-b827-42c3-b378-443bb3e36e6f	-23.599350590287475	7.074963095401201	ER+
79641836-8684-4e1e-a8b1-935a6760cd6f	0.7456090364732806	-7.731612566007647	ER+
eacf171d-5259-45ca-ba5b-137a47da4c71	4.581565883455477	-6.4062804914357585	ER+
6f929eae-6569-4e77-b3be-761606370171	-11.890776784275669	-0.02143970157845474	ER+
62fbf3ae-bfca-4bac-9051-717e7844e272	6.480491863249288	15.535999123112648	ER−
01f79f80-1d82-4b0f-9ad6-c0b611f04b73	-2.0126648649729124	-6.187056475384213	ER+
a52cc981-4203-4027-b978-383bfbeb5f75	-2.7835827839886846	-4.367662482347431	ER+
59e0deb0-c771-4fb9-a823-6fb7b5cba876	10.51497144524191	-11.821344425974278	ER−
47761280-913e-4826-b400-f04f85b17476	-23.28522635592233	9.170572632052247	ER+
4378b8bb-c513-4cc2-b06e-8270fed24576	-0.6264715770541763	1.4045139771393456	ER+
5537e19f-1361-447e-b207-329363f9f777	7.325604553130411	-5.014873568401837	ER+
658f68d0-ae74-4d23-9a8c-146e9a53fc77	4.344900021988488	-7.699274215861187	ER+
967618f8-de63-4c4a-bcaf-1d14da44d778	-24.275577540444075	7.59310293394643	ER+
e07b4c18-8cb4-4006-935e-c5036b5e1879	17.53402854846289	12.800376801597093	ER−
709ef230-dda1-444d-8864-a4ebca19497b	-15.9098735715185	13.075447426839029	ER+
5b565b8a-68a0-42da-9010-a7f00b638f7d	-5.800632767334361	3.552890266610174	ER+
dd4a2ac9-2996-4fac-852c-d4511efb607d	-14.797685571264754	-1.8477083785333246	ER+
06820399-3529-412f-b3a7-6714c9dd5f7d	23.103153383689232	0.43821013777177986	ER−
cf6af5e1-ed9c-4cd2-8c29-5d002ef59b7d	0.5624915251057375	1.0745785141756259	ER+
a65773c1-18d0-4f48-85e1-380338b66c7d	-17.826107146893005	1.2350082630539094	ER+
1109f6d7-0ed1-4be3-aa63-71e7da82d57e	-10.61478829192372	2.6807468809495485	ER+
ba1d9bf5-f4ab-40b0-8e2f-fe406afcc77e	-17.23933074623319	1.1024518967895023	ER+
d42b7981-3d8e-4233-b90d-f2b8a9c04d7f	12.795867626398877	17.015674404074474	ER+
46c4652a-ac2b-41db-a17d-02625822027f	19.351065439855134	10.36951750210526	ER+
7125b861-75f8-4119-8fb1-2f7b81413780	-1.0160759050295602	-1.8987721164002673	ER+
65a2464f-07e0-4cf4-a1b3-3dda2889ad81	-4.827233160876992	-10.164911928809257	ER+
90a48928-0338-4887-bded-6674011f9881	25.86889564045524	-0.30142180810608665	ER−
9e21a804-3f57-453f-8117-4b5262bf8b81	-7.862650384492428	1.5148690383449337	ER+
45c2cef7-58b5-4e76-abf6-8b88088c6c82	1.7772882500757163	22.45026751011194	ER−
2e125727-43f2-4a9d-8aa7-5d501240c883	25.733749801062583	2.5949686235580187	ER−
9c3a3cb7-dd86-48c6-ade1-f37455601984	22.741288635316625	5.317823517948595	ER−
c41c0d47-9ac3-417c-8746-945945fa7386	-4.017414010292316	2.0856553570886325	ER+
22a5e04d-a9a8-4c13-8a13-9bdbeb357686	13.952562648911893	6.9357689663488715	ER−
e4673254-c59f-4c2d-bf1d-de6f7464a287	6.959791896868935	-6.711399228511117	ER+
6b131704-d54c-4e0e-9d01-bfee2c59be88	-3.7987935922385363	-2.5846099924622252	ER+
879f6c9b-b821-47d8-85f0-3965c0b16289	-19.284762633547267	2.223735303346739	ER+
f5afe112-281e-43ac-9662-e2de331f7789	9.493984328834646	-6.450106501745689	ER+
1a75a0b1-79a3-4343-87ce-15d7aeda5f89	-14.33608696522228	-2.691685164980121	ER+
59860a22-dcea-4871-8799-6f91a5d9c88c	-5.481898929118052	-5.080119877221777	ER+
8631ada8-2cda-42f7-927e-76a24efa128d	-23.955421620215677	3.473044488779076	ER+
e6901976-2075-463c-828d-8df924efc78e	-7.601413114584425	0.5832585942440142	ER+
0e6ae036-64ed-4489-ae40-55f77089a890	8.018276058914047	-10.841966620244003	ER+
d556467d-bac2-4ece-b906-14f542987d90	3.9250572327803925	-11.784010087094304	ER+
902392b1-7533-4751-a3b1-58955b3eef91	12.874027856695811	13.660985778232698	ER−
e547aed5-1579-4589-a683-d07cc0e51f93	-3.7284652004168355	-4.025258611960662	ER+
766e0d2f-123b-474a-901c-f3cb25a92d95	-9.97162348303376	-1.8383575356575212	ER+
6eaf8148-9ef1-4172-a7fe-b9fe7d747796	-9.760094469403956	-1.828717355245173	ER+
230082b7-39ec-4fe1-b3c6-daf35458f396	18.448286923579982	9.853315683813834	ER−
efa7715f-aa27-4c5c-88b2-0c6b838de496	-0.37776127854494784	-7.933479945869002	ER+
5f2b9f6e-a2da-46b5-870b-667885226996	9.923808616238906	12.265829967234202	ER+
f2b501a8-2cc2-47ad-995e-4627ae10b398	2.2165390853241735	-9.070704491006133	ER+
fa07c86d-47ca-4a00-9306-41f51eb0c698	20.993462510197542	5.151883084967801	ER−
d4e6dc5c-510c-4431-935a-62105b691699	19.197432031034324	7.844713111053186	ER−
69b1e110-3733-4afc-b8dd-e21565c65899	3.8262545555398946	-7.821133586781457	ER+
fe8bf22a-1156-43c2-9d96-a409fd4bb999	20.513694672755637	9.704019905679386	ER−
4cc145ea-1a8e-4b26-9d22-473466de569a	-4.692355946185085	0.17569478835680183	ER+
bca58686-d36a-4625-968b-e837e1f2629b	-0.38913979536905036	-3.7799447116912273	ER+
71f8a28d-077a-4a91-b56e-b035e4861e9c	-0.23562948108347467	-3.7388848923854994	ER+
cdb76c1d-da1b-4c52-871f-9c7f5833179c	18.541045049706405	8.869420112696712	ER−
a6cfd821-a749-4d12-8b80-927255aad39d	-8.098689702324956	3.635369266011742	ER+
7fae9ebb-0821-4077-abbc-bcfe3b139c9d	13.601403960138583	-5.01910492685015	ER−
f3fd3dee-dd68-4e91-8c94-4593c582cba0	-6.889567927247626	-0.2481628973770066	ER+
a7ef5e97-c61f-42bc-a611-926d9ee862a2	-12.71032672278162	7.595446862666083	ER+
ef446e5f-0f26-4719-bd24-f30167794ba2	-1.8882563064862037	-4.6744828405292935	ER+
ae0e8653-30eb-447a-ade5-17020d50b0a6	5.113462789755383	13.59034461881867	ER−
c1e11d37-82aa-444e-9b51-18bc378761a8	-5.8738918512643155	-9.481528107769277	ER+
bc2b278c-8924-41fe-8641-d5e39e5795aa	-15.655700931863423	4.681352893534587	ER+
c8d64135-1b75-428a-8c75-351d32009eac	-11.941094509962051	6.911112950214812	ER+
39cd570e-596f-42f9-bfff-3ebab73799ac	-6.70842796600076	-7.619926961872407	ER+
d526808b-7bb7-4e14-b5e2-91605bcea3ac	-0.9825131882644301	-6.861034648429241	ER+
09cef733-7623-44a0-816e-5668d0d8edae	-11.11097034348926	2.7356681918729726	ER+
a8d8311c-73c4-4806-a8ca-d275905fc1ae	-2.3215718656530506	-3.7290188961701674	ER+
aa0783ef-ea84-4b0b-8ea5-1600a85c9ab3	-8.207669105722667	-4.586792965900248	ER+
f5a438d5-ca2b-4d44-8768-97f59f5f27b4	8.1326308017553	-7.2709379489908565	ER+
ca3879fc-3b0e-457b-ba06-9a3efcfef6b4	0.1877402247596686	-5.420463063326022	ER+
9bffa41c-8d78-4077-9343-a124b370c8b6	-21.03049574126294	1.5215010486161646	ER+
0915dde6-5839-4705-8d9b-b01a6450feb6	-2.6045642304288683	-5.463942063462206	ER+
f16fe955-9a7c-43c1-9f74-3d9d69c5e1b7	-9.088276535120619	-3.5550255182762744	ER+
9bd17808-afdf-4d32-91e7-21e3c5ba3ab7	-3.4590034533609373	2.585582757301903	ER+
6e6f790e-7b1d-4dc7-aa70-84c0680020b8	-5.872059346748563	-3.9282319013779814	ER+
00e9cce0-2367-4963-a72f-2a08b143b0b8	3.2937709220553044	-12.616504069590073	ER+
1835a17a-8710-47c8-b5b3-986cfd50c8b8	-17.59951878964159	6.6528992054123375	ER+
020873c7-93d7-4eea-b25f-60663417d9bb	22.56690473891066	0.9035626138549608	ER−
0ccc440d-022a-4f6f-a96e-77e0e6c8abbc	3.090885416377683	-13.511099762364864	ER+
61778a82-2f7e-4b5e-9503-a7ba2ddfb9bd	-10.005301570284994	-4.3212749553698515	ER+
d89ae0be-8a3b-427f-84c0-6cce2f7b4cbe	4.053107066037068	-7.312676294843087	ER+
ec9f355e-90fa-42de-a35e-ec6a2d5ea1be	2.4823092899870183	-4.869197707784922	ER+
812e8e8f-71b2-49db-ac1f-fa3761cb3bc1	8.991810145395121	15.723250736123104	ER−
826328ef-7687-4480-bda5-6d49f72223c2	23.48643515607096	6.9411361765118365	ER−
bc005778-f88d-47b7-8e04-ceb9750f00c2	-8.419609243437776	2.2594042557124356	ER+
8b67d4ef-bca7-4184-86c3-9dd50b8dc2c3	-1.5811885460011925	-5.795866931502288	ER+
6d438075-1443-4b04-88f4-a492ac5054c3	11.11038012004821	-9.390013413531296	ER−
26d52822-b295-4864-a6ac-0ebf1c368cc4	10.618866244461373	-4.490917540018029	ER+
9657c56c-0a9d-4c0b-9039-9dc26feef5c4	-16.862307377338425	2.0307749209845145	ER+
499c6f4d-d346-4324-9892-e5c6922d84c5	-0.4709656721624894	-2.6263261595984613	ER+
e642d04a-927d-4c33-862f-3a3b86047bc9	-3.2750163659087153	12.157252691844677	ER−
dd20d507-013b-4e54-9b1b-0d3b82a3c9ca	4.173811422617104	-4.073632106978239	ER+
ff2a805f-4acd-49fa-b264-1c7d61ad16ca	-8.483827001018888	7.141875146381182	ER+
f5aecb18-93e7-4385-bede-2dc3756961ca	0.3743678105489971	-2.969057001611877	ER+
33f20f2d-51a4-4038-b1c2-d5be14bab1cb	12.550676082548378	-8.407303881952291	ER+
70a09d9b-84fb-46ac-9e22-8d48eb7f76cc	3.4957424886496695	-8.287084791823686	ER+
b1df468d-306d-4483-87a2-f5022e0d31cd	7.504142570412284	-4.539393478723292	ER−
4c49ee0b-5040-47b2-8e78-28abfa0969cd	22.275421670387765	1.601862538401913	ER−
26e46808-d736-4b6a-ac7e-f638dc5560cd	-3.921914723873749	-2.948187803274518	ER+
ce615155-9b3e-4d17-865d-edc5eea65acd	5.26112287078946	-9.036491998736805	ER+
591c6233-6e43-4a7c-8468-6fcd1ce0d5cd	-4.529577729038983	-4.410205187071525	ER+
12d8f871-c919-44a0-96bc-c95f4fece8cd	4.8056585535793905	-3.5963854956385184	ER+
9905b104-db34-4cc2-a6b9-bf3fcd21c9cd	11.246745892407645	14.001599769462658	ER−
0195b339-0a12-4163-a281-50e1eae085cf	-9.277501440465569	1.1489965063273677	ER+
38068475-9399-4769-ba5b-9372a6a810d0	5.592916419034277	-5.287793875623636	ER+
ebf4b684-ae5d-4410-800e-bf14d32837d2	-11.94753181963656	12.590613541336932	ER−
2a2d30f5-0b31-40b5-8dc5-30c659052fd3	-6.975975511942683	-0.052958068241561636	ER+
671507db-3949-4a41-9682-644ce8fed3d3	-3.8844308180408422	26.856708207564438	ER+
3387cf11-ce22-4151-869d-47dd9166fcd3	3.2265019519531783	-5.004486591453124	ER+
9a3c1068-d9e1-44d9-a659-4289ecc96ad4	-19.520068948486962	3.247953281440212	ER+
0c5e4c8f-6156-4d6c-9125-e944e4568ed4	0.7759531499191473	-10.896827944476431	ER+
d45da461-94d9-4dd3-b363-5a7bde0f31d5	5.156491128002051	-9.06576722787218	ER+
4664a702-f6fc-4f46-96a9-c23c87f507d6	-18.036315301315568	2.4625974094692604	ER+
73196141-9852-4610-a3a5-456f66a701d6	1.3817245792654083	-6.4228027472843054	ER+
eae50af0-a23b-46c5-a5ae-a4068dda16d9	3.250760549560205	-3.043511427598044	ER+
19b24dc2-5881-4d7f-9cea-c85237ba80db	-2.2460698758503557	2.7374514511496115	ER+
7a532ab7-001d-4b99-9d30-dc67b7d847db	12.094926423919034	11.4817635011363	ER−
bdf8a5c4-e7fe-49e5-91a9-6af6f8070adc	-12.84525489895358	-2.1547427511360304	ER+
bb329d2f-c41d-4147-92d9-c7b971cad0dc	7.515947315966706	-4.930134509856095	ER+
e313975f-f2d2-4abd-a5ae-09e85f2e9cdf	17.665216462716682	-7.305498479664061	ER−
cd966e85-84d2-4c3c-9a61-3afc65d4f8df	11.022938435698537	-3.9626269707762014	ER−
89a77489-f3c1-438a-8a9f-9afaccdc47e0	-4.115644092668438	-1.9277698479301915	ER+
5324e01d-69f5-4979-903b-7644f3236ee0	-15.861387421980577	1.2813034054473091	ER+
aa87e619-e232-4a3a-926a-4ea8f862dee1	15.21454554422556	12.889240794919656	ER−
9decb422-2c34-4d7a-bb06-9f7ecfc893e1	2.232380941968991	23.053065979397832	ER−
b9f42e36-78e1-4bb8-93a8-18264a48e8e2	-3.0081146984368416	-1.4709865168723733	ER+
03ccc0be-5e48-4577-a4b3-4cd754c917e2	0.05031385785059982	-0.6784516560779673	ER+
b4f7d4bc-bcdd-42ad-8955-644f2accbee4	-3.114154199023799	-4.644777091897504	ER+
42084c0b-c619-4220-a75e-eb9c2496f6e8	12.517502769361808	12.778474218519577	ER−
ef9c0189-9d4c-425c-8c21-7739fac91ee9	-8.230944603881715	-1.5002878197089813	ER+
f1a437bb-9b43-438d-ab32-9a6f15cd1aea	0.5428170793422047	-10.93522931071824	ER+
322d301a-93cd-426c-b0f8-c235752c41ef	-4.564080827259725	-1.7021508940810857	ER+
a703ba78-a3c0-45d4-bead-30e27ddbc8ef	9.04469687467451	-9.500751264469256	ER+
f8571dd8-db9d-448a-aa30-01d56ee892ef	1.0653917783156184	-7.148735887366291	ER+
7ded1dfa-7de2-4ee0-9dc7-3518d98addf2	-10.120926448384148	-1.2665325069584392	ER+
34a1e6c3-a4c7-4a1d-a707-2d24dd44dbf4	7.14485002925119	-0.07889093184296428	ER−
4a60add4-3637-4b52-9357-aa2fdfe81ff6	4.492992244860472	-12.382371379214598	ER+
bf128355-3e49-449d-a503-00e678e90df8	-1.6909731086204889	-3.012616987336936	ER+
cf72af48-13ad-4e0b-9e98-4029498878fb	11.656675127417103	19.213101277463366	ER+
06ccfd0f-7fb8-471e-b823-c7876582d6fc	4.521060686754462	2.3786167089799686	ER−
004e0c7a-a9f7-43ad-acac-52fb44f567fc	16.94511603204605	9.57006656108918	ER−
a79dd5b2-f97a-4b24-b762-fea1cd5238fe	-2.9919163315302075	5.3997464262953505	ER−
