sample	tSNE1	tSNE2	ER_label
20c90e97-e900-488e-af6a-6648d9a8bb01	-11.680467768044407	11.727666072569281	ER+
0a2fa7c7-0810-4d65-b16c-4a1792714802	0.23472806892526654	-11.22632009363448	ER+
30f32969-5278-4066-bb82-7400cdce8807	4.430840699538231	-3.032824817918303	ER+
f9e194a1-e5c1-4a1a-840b-4e0246640d09	-6.272051990633283	7.586654347922764	ER+
2a9ed6f1-3f93-43cf-9e47-6690781e1009	-42.79128725447884	5.640581236205577	ER+
6203b63e-6d3f-4399-b524-9573a9bd1e11	12.182674690309177	-19.613119649391148	ER+
db138158-49e4-46b2-8ba6-4a72ff418216	16.666572329217853	3.4538847092564358	ER+
27cf9f15-9e74-462c-b999-980740829e18	6.040343388711196	-7.1452927995569855	ER+
3420e4dd-879a-44f0-b7bb-5cdd8bd5401a	-7.407713545049581	1.6292925260416466	ER+
41c86eb6-00e3-4ef9-b4ab-165e97513825	-16.76840188112191	8.531726584583712	ER−
6cf498ba-46d9-451f-b65a-e649964e5d25	-34.01261179374051	2.1049346167017395	ER−
052f5358-94f2-44f2-b52b-a79068eb032f	28.311330787254104	-6.893659172852586	ER+
21499138-ef9c-4909-92e0-ecb1dff67431	19.45836474551103	-11.92308913419609	ER+
3d4d1fa7-da4f-44cd-aa52-b8963cd61f31	-43.86081248477165	4.637138047153372	ER−
208eb3f1-6bc7-401c-a8d8-3ab793b39d34	-9.172510627947668	-4.615669717653654	ER+
64ba791a-c418-4507-bf64-b4b473c78834	9.68759741046532	-4.489341059990265	ER+
6a6420f7-3618-4d8e-b4c2-d6e6eddcda39	1.1702238962917735	9.844667385773628	ER+
3738df37-7bd7-4b3b-a4bb-4aca77a4573a	10.401511950666603	-3.4395492571099355	ER+
e0435ff5-5847-48f4-9f7b-40da5ab52e3e	29.930725154484627	6.9963532867703355	ER+
826a2901-1c17-44a4-84a5-bc6f54d10a3f	-7.0459474752741205	0.5834887910618209	ER+
421e2607-50fa-4260-bd10-c37fcb7d063f	-14.415936898805535	10.87673931630961	ER−
3508f4b0-1ada-4937-b924-424ac2596341	12.31015476471597	-10.831599258694734	ER+
a86d241d-fe25-40b7-a61c-b919d30fa545	2.011039880511615	-2.585584487253128	ER+
2b231d54-66bc-4f57-bd7d-944f5460cb48	-38.69053718521322	2.1634265147913894	ER−
d5bf82b7-7508-4773-a104-cff25a557149	9.932301320897944	-16.59499391337811	ER+
b79c0636-2e0f-4639-9084-b6ecbc64414a	30.445771019269397	-4.067260545832102	ER+
a48d1663-22e8-4f98-af8a-53ececfa5f4c	-16.876419549143062	8.768856588403155	ER−
c90142d8-f939-4fea-bc48-073d2814f54e	-46.523787230972665	4.062828161372647	ER−
3ddaa477-d3c0-4df0-8c22-99c41e0b3d53	0.8871292505526186	7.85514141301962	ER+
74707daa-fe40-4d28-ad49-0d1c5465c253	-5.317413209456102	-5.426942254092359	ER+
2a131c31-6c59-457a-8926-f88ac5c57f54	-7.009897357324049	2.0162856885275353	ER+
2356b998-0930-403f-9b04-57a18a150955	13.292056816516265	4.294943296319297	ER+
842b272a-9f51-4919-b7c1-a16a2f410b57	20.93828612551819	-9.132535268494378	ER+
dbfa1780-4558-436a-a434-05dafd0f675a	22.519522701612694	7.237220652416978	ER+
f69372c0-9da5-469c-ba81-e5b3da5e605c	-30.29298318741163	1.0119360456611142	ER−
1302a36d-ea6d-4909-bac2-a90e0c03d062	19.221492438530184	8.557503549369162	ER+
c771527f-a09e-4173-8eb9-8dce3882476a	11.205013436503254	-6.376265527254381	ER+
67d1ea12-766f-4eb9-af7e-4545975b076c	18.586401850814955	7.224591733390639	ER+
52bc932e-fe9b-49ff-8584-2f92e61d5871	-38.96697557832362	-3.1114586100959603	ER−
de32121c-b7f5-4a94-9977-8f4b2d3be976	26.919915735928278	5.820696835950452	ER+
524bbb0c-e6af-47a6-b274-f58bb1dd4c76	-6.253067555025778	-2.6812179916724754	ER+
458922b4-db70-459b-8696-f8dd7b373a77	0.9586440333984636	-2.3225258577308936	ER+
d8dcd080-5bb7-4723-8714-443eb8b07477	2.576459673234347	5.385313548560313	ER+
d61f0d8d-c549-42d6-bc35-5488cf231d7a	7.01380645759139	9.460391122805204	ER+
e65d0b66-b1d6-40e2-916e-990522ad7e7b	-0.9623120303901033	-6.995592444674627	ER+
9a4eaf94-a637-4054-9792-6ca42294bc7b	18.00233178845032	2.879587249715272	ER+
e898dc9e-5ca7-4092-b6c2-4c541c4b767c	22.443091729185635	3.2198493217925117	ER+
9f992be8-400e-4230-ac42-e5483b4a5f7f	-43.37711962135385	5.749846158730026	ER−
84314004-2ee2-4aa9-b9de-b6ef7db3fe82	8.351873178328624	5.664870455822686	ER+
c0dc6757-e0cd-4615-9543-a348500aae84	17.260578912600828	-14.626788759484842	ER+
c653aad5-59c7-458a-8ea7-9295a2aac884	9.908991253283725	-1.8139732022143966	ER+
4cad9ca3-d09d-4576-b41c-24144db97385	25.40753868026218	1.7060923857171035	ER+
c25b6919-5dc7-4a8a-97b0-8ee5128b868a	-36.53036129909395	1.1098821174574094	ER+
5bd57419-1f9b-4535-9fe6-e155d2d8228d	31.308317242683792	-6.340521895114568	ER+
14bebdf5-7509-4c8b-a944-aed580dffc93	27.785618058856322	-5.2584569090509214	ER+
fb7499a6-0519-4d8a-b424-86c5cf382195	31.105255419525445	-6.385361430354928	ER+
b42e31da-9804-498f-8b1a-6a550ac9b897	10.959089701341107	-7.034260502187771	ER+
9ad28303-1b3d-486e-a72b-15d27d71cf9a	19.746539246207572	-1.4699284188660315	ER+
4ff799d9-202c-4f5a-bd58-495a23b3c39c	-1.1690080283830935	-11.064304056927535	ER+
8751d026-849b-44ed-933b-fd9b80de329e	13.688252350349433	0.6378262218847667	ER+
992a7083-28ce-4857-898e-9d4b4fbf2fa1	27.91966921900919	-4.458727218121685	ER+
18c5bb3b-fc3b-472c-be3e-4348704befa4	7.287629874763286	9.687227030158024	ER+
6749b9dd-8ffb-4b09-978b-2599ebe654a5	-4.148448954697194	-8.546431047578121	ER+
5c811b7b-0457-448e-b170-7abb4bb63cab	-16.877329170912617	9.055459432738104	ER−
6a5431ea-bda1-495d-8e85-1bc09b6ce4ad	-5.091409074828082	-5.136292662476801	ER+
9b9c0eed-dc7d-45a4-8eb4-430aaf16fbb6	5.876372829769769	11.037330418180373	ER+
2d82baf3-62a1-4b94-a806-f044b8595db6	-29.40646456939406	1.1799921440573986	ER−
d4137836-3f03-4a66-a7e1-1a735b289cbd	22.11923107245203	4.478758575408798	ER+
0f36cdef-61e7-4627-aaf6-59a7cb2d16bf	-14.947784688027863	-4.016691153179563	ER+
b4604353-ec2d-4ff5-91c1-faedb89f6bc0	19.187939287861724	3.729516864122532	ER+
f694d119-bf58-4449-a811-cb7a2165d8c0	2.091488993514868	9.516234696648402	ER+
442cfb48-2665-4404-889d-3626442670c1	19.104212739315827	-1.799717187814506	ER+
64d0958d-ef53-43ec-8167-390d957485c4	-35.63873185046314	3.11337718086561	ER−
bd351d39-883a-47e8-af88-db0c77a888c8	25.06654139762983	-7.332005174857631	ER+
434c866b-c42b-4161-9f63-6078b214a7cc	6.2301017819375915	0.021200706195236122	ER+
5643f725-6510-4fb3-9faa-44b3124a9ad6	-29.843734953755426	-0.5431427265288256	ER−
e58e4d1a-4682-4a48-86f1-9e62dbbe79d9	-1.5855155611667309	-4.094372812285979	ER+
cea92c52-97dd-46d2-bae8-b3dc4505f1db	7.155354319603894	-2.575517887104342	ER+
94dfd2c1-d707-4ecc-a108-e8da83fa15de	6.24576475757686	9.012088701046281	ER+
827f1f4b-1468-4079-abe1-f07a511f98e1	-40.198146061963776	7.308947472182695	ER−
862a4113-9037-43ce-bdba-1b1818ca19e5	18.13604274644214	-12.94383986304677	ER+
981123de-d55e-41d1-8850-1a41376f1ded	12.01702479008709	-8.74757910474552	ER+
58bc4857-6a34-4bfb-91c0-0c35fb9169ed	-31.032964308309957	0.250815405370381	ER−
5f3c1dfc-da3d-4194-93b9-fc3349d606ee	-1.1652421527756058	1.3088412014682556	ER+
97765ed1-5e02-49d3-a96b-a20c8cca3bee	-12.774672228100155	-5.234925162799572	ER+
ef51ed0e-46ed-4ab0-9504-9f3b8fcd36f2	27.77949357171383	2.06987958600556	ER+
27afe520-0907-4f6e-91f8-4f9d9acbc9f2	-9.901074912663269	-3.019078189793168	ER+
08eca7af-fea6-4691-99d9-ec626d5bb4fa	-15.2910967951949	12.592708091048454	ER−
d8be3484-c0f6-40bd-a9e2-d9f3f2ec47fb	-13.998932868043712	13.365487045307487	ER−
c79a9902-060a-4d3c-9441-529fcbe19afe	-0.9595721281011937	-6.9874003867199805	ER+
de60834e-364b-4814-ad26-d6891d6eb9ff	-15.09395253657616	-3.6665716756348017	ER+
d7d72329-a22b-459f-a617-e1c72b8f4c02	-41.85199813728199	6.850330109988567	ER−
37121acd-04e3-4d85-a472-bd3638720004	3.0609216754216515	10.35439310191651	ER+
3b0f668b-236f-43f5-a2ff-1898b9687604	2.072532991841004	7.970563114455916	ER+
5e3544a8-5ff9-45cc-b4a5-fdf43427e305	-6.134004323258161	-3.575236099918138	ER+
8157c85f-d313-4102-b682-d9c38713bf07	-0.5690857442505778	-15.637076185184457	ER+
fd2f2372-cfc0-4918-a03f-a53974cbfc07	9.764346304124283	2.7152797906796287	ER+
9ddfb5a1-dbd3-43f2-9fdb-fe64bf3e3c07	24.665343067794474	-13.148489075057977	ER+
56c4ca91-26bf-4589-9232-c6400adc1a08	4.499948948564916	-5.57802178403711	ER+
e6281a02-850b-405e-af4d-e79967552f0a	-44.204952981996406	2.465601308335666	ER−
1f5ef98f-2bf9-4c93-8d68-72d9ca67480a	-32.680847957816766	0.8649909649083812	ER−
4f579967-6cb9-4672-ba7a-f94f789b280e	19.236361691429	6.607716174792835	ER+
4913ff90-e563-48e0-a632-a6cff90d810f	-2.10503434579443	5.771355911366001	ER+
a31dd727-f50a-4077-81e7-7b8d0cad7310	-3.8378447543084278	-7.589980138821165	ER+
27a2d405-3fe3-45ca-8150-f0567e310512	-34.978367295323515	1.1321464026185024	ER−
6985560f-33fe-435f-83e0-cbd9e0c20413	19.992673806004916	11.982610423190534	ER+
8a9c0b95-4830-45c3-a596-75c2f22cfa14	-33.87946902693325	4.790541401389731	ER−
13ef5323-ead9-4bc7-8ac4-33875bf12e17	20.666516342858433	2.1777702242163715	ER+
b2d67d4c-8555-4ba8-965a-ab42ef516119	29.436533054645693	7.551971090547983	ER+
4d112bd8-1a35-43cb-896a-16f48147811b	-30.42905622154565	3.503304968547618	ER+
e1ffc76b-1f86-4776-a6de-a488c5a1261d	-16.062078880182053	-1.4858075661886014	ER+
ba714d2c-c88f-44c8-85cb-de57055bab1d	-5.870415711936006	0.5142996660896447	ER+
4e92867a-7834-45df-aae7-a680ef37cd1d	10.463845035729285	-3.312187570042275	ER+
9030ac3f-19d2-4173-9025-87726923621d	0.25771521401133607	-11.858339227828656	ER+
aa615303-6416-4ec6-b803-9cf6054c321d	-35.8565879670317	4.80436919482399	ER−
b6e47b05-afe9-41b5-b040-7fbcc62d4720	-32.43386261098155	-0.789685410602707	ER−
ae5e85d4-0b93-44cc-b846-7e893ca67b21	4.949427966847063	3.3700282183260986	ER+
727911b5-45aa-42a6-8d32-4d131c8b0824	16.972003480477035	2.8486364801144113	ER+
a04dfaf8-6727-4838-8c69-636a608bdf25	4.009949762161675	-6.140204631519598	ER+
15c85716-4be3-43a8-9f61-2929c600c828	-36.86935873135629	-0.33359544911113775	ER+
286cbf20-c36a-434d-b491-17a1515c132e	-13.913872127576989	-1.4505865424560667	ER+
708eafa6-a04c-4799-b9c2-add56c030c2f	17.76986325226151	-5.2953143194800605	ER+
0a60e43d-2bdb-4dc1-b9f3-336c89c2272f	-38.60572051511011	-3.1145889531268818	ER−
223d08aa-7572-486f-aa1d-38f1919d0630	33.412661078578516	-6.63496106109467	ER+
fe3d3c9b-7f30-4359-9904-48612503f531	-1.6077994709637888	-8.937815529582664	ER+
3f2d803b-fed0-4eb7-9058-d67d10cb3532	-36.81782303174921	3.500791466116929	ER−
c681e7bd-8307-4753-8309-6f4abe9a6433	20.50150111226937	6.795003384060306	ER+
1b8dfe86-a00f-48ae-8956-377f5812ff35	-3.936367208578727	11.810545516942607	ER+
af5a3afa-0e81-4864-b51d-7e857804c336	13.809284618483494	-6.664613697115184	ER+
310f99cb-0837-4869-8b48-28d4b543be3b	19.571177431292504	-3.1525594399574874	ER+
1ec51eab-f7e7-44f2-a90e-f0d5b073833d	-0.8841358063131347	2.1636196667466807	ER+
0b10c68d-9ac5-4c64-9233-2eb9c4a8a942	8.086301037986194	6.8104814754966005	ER+
ef1c5f5b-ee6e-41a3-b6ce-5b0321d7d742	-1.4054062826900988	-3.9395384530975996	ER+
e5c1a89f-c3d9-4dc8-a35f-d2834b155843	-8.893296353434941	-2.01255117074191	ER+
994570f9-404b-471c-a5c3-78e59480dd44	10.482186356407603	6.287432905348619	ER+
8a1c823b-62df-4c1f-9d0f-bbf4d93e3245	9.431552831798774	11.114714654006647	ER+
82a7523d-02c1-4f75-956a-b95519dd7547	-43.89548894346899	8.121284425281871	ER−
88fcc5d7-dc8f-4349-b809-dc6764f48748	16.933821207810766	-13.867082139678946	ER+
108e4f62-aa05-4297-9bc2-2fb82d687349	-4.173883240866896	5.064155879536643	ER+
2f879a27-186a-4134-8f08-cc885134564b	-32.301725925470564	3.393074304900495	ER+
4c14d929-c320-43ea-95bf-781c3eda174c	-42.43831407982802	5.6517026422634515	ER−
42df9529-b684-4aed-ad7b-83bfedec0751	11.282113229088802	0.8736810834941394	ER+
8f2023a0-1ee1-436d-a2ba-f2f9a61ccf52	25.547891043036092	3.2240164394281527	ER+
19fed966-01a5-412e-82a0-f72f4d42cd53	2.730874199442126	-7.047094796751275	ER+
4864018c-b8fd-426f-80e9-14f4adf29557	16.121034068901036	-3.5622601089066364	ER+
da98a67c-f11f-41d3-8223-1161ebff8b58	-45.82928143088447	2.7165617758029086	ER+
8c0e3f5d-e5f0-4b6f-85db-a18cfba08758	-41.95249043812804	1.3146014940879125	ER−
2b26df3e-4454-447f-bfea-2964447ac559	5.159793560321657	1.6665732435592127	ER+
cb75fb62-e6e9-4763-a97c-1a2b919adc5a	-12.176013185073927	10.896426176803633	ER−
9ac00677-9ba1-4ee9-bf02-ecb04533f45d	17.188849568818465	-14.705452145239818	ER+
0375efb7-6afa-416e-96fa-c9a69ad7e95d	-40.36397249350305	3.3387270253406833	ER−
9ed7137b-acec-4eb0-868f-cbfef00ce85e	25.565405490143842	5.8586985682990145	ER+
8fb28200-513f-4697-8b49-65cc424fdf5e	10.397982896783562	7.2601828907053525	ER−
42dca292-7292-4162-994f-ffbc0102c55e	33.82894878516934	-2.4604223484854035	ER+
199a14f5-6ff1-4d6e-b043-06061511915f	-10.297131501719354	8.3793844976507	ER+
eb068925-2dcc-4e18-838f-903ac8d2b661	-28.93054062268922	7.094029100121364	ER−
b178a8cb-b28c-4fed-a8ae-d4e37ae39261	10.315836306668741	-6.1788778395695045	ER+
2c527579-8b48-49b4-8383-8c084c046c62	5.398499987703105	5.564568537952539	ER+
e5635af5-62de-4c8a-9da7-93832ee14564	23.39125711420441	5.154416683495561	ER+
89b17c49-bf29-4ccb-a4f0-be994beb4265	31.0201301468981	1.161417218904363	ER+
cbf5849b-94ea-495e-9247-3012baa96267	0.21999532160277718	-6.599798943360436	ER+
ff3769db-0958-4f3e-aea8-db70149d0a67	14.569441115048015	-10.462766069298358	ER+
9076f647-71dc-4845-a893-e6628de65e68	-5.873051274909167	-6.134517694467177	ER+
4c16b3ef-a6a7-4189-a709-d6af737dfd6a	-5.893014404122876	-3.988569408647046	ER+
2cdf0e6a-b2d3-491e-b5bd-7a3121af676d	-9.60623010509488	-0.1134864941623886	ER+
6070db25-079c-4bfa-889d-e4e447ceea70	1.6878459024279449	-11.437455172317328	ER+
1cbcd09f-2824-4e99-b657-f9565e9c9372	17.63419031078254	-11.102274599477113	ER+
cec3c875-a8e8-434f-8de4-7c0627d1b074	-0.38795131332325206	-11.983886925505049	ER+
16fa9305-8d86-4330-b932-07274b631574	-2.7048364616704323	1.8083901533326616	ER+
c72d4050-73cc-440e-b86a-170afd3e6977	7.855817840861567	-10.71450314475666	ER+
c9a64139-06c9-4154-b8ad-9c6959696977	-16.088050088827494	0.76171012929817306	ER+
b17ba902-d97d-47d7-a33c-e31718c50778	19.894824588335297	-6.829677646238852	ER+
7f03386b-190b-46f9-9f96-9b867bee9c7a	-1.9276361848588495	-10.533125977747183	ER+
22139565-60e2-4a36-8b8a-832f459af87a	10.23837485184315	-10.592965649681405	ER+
9bf496e6-38cf-4bd1-99d0-9c85b306847b	-2.6340104251640546	3.827020830904779	ER+
c2d1befc-422c-46a1-857a-13eb87f0657c	20.477287643173277	4.047682740057601	ER+
9cd9cf8f-31ac-414d-ad37-1669bb56547c	-39.291227442336925	-0.5791647025846086	ER−
76af5aba-5a99-4c9b-8ac0-19f902fd887d	-28.598132505491296	1.4067412787748967	ER−
fd476524-e22c-44a1-8f91-2a8a0519aa7d	25.510874143816146	0.672021402308977	ER+
48023df3-770b-4c9e-9eba-ac5586eda57f	-13.674109051191412	1.1314058543901613	ER+
ffea5a94-3ff5-435d-a24f-ebf0b3674683	-10.880409054101106	12.581685801030428	ER+
a1ad6e6b-270d-4c2d-9092-b18099ee1783	-11.021844709214863	-5.543252662000556	ER+
20c67226-bef8-4098-87a0-6ef7b612a284	28.74248351196798	8.088445081156918	ER+
59015c18-4278-480d-82d4-139eecd65085	-34.70455102321668	6.490744080672905	ER−
29b6a9ce-d0cc-4c2f-828c-86d840585985	-14.700215836359874	13.941790886962433	ER−
d9b83390-c155-4703-a0bb-78e84d53ba88	19.284274049815807	-7.6345820028577345	ER+
8d6e5037-8602-4a3f-a580-3f319aeeec8b	-33.133957395140776	-0.27963577315600235	ER−
79afecac-c5cc-41af-9f0a-4cc3f5c6548b	18.93059823785327	-3.9514119563890966	ER+
f6abc71a-0718-4b88-a17d-0ceda545778c	12.16206255843084	-16.569053453064413	ER+
bd2081d7-90dd-4f9a-89c1-76d4322a1c8e	5.149935817182558	1.2754901233616203	ER+
9af9e9cf-2d77-455e-8d47-10537badd98f	8.77899960107425	-7.799557037614551	ER+
cdc7df8c-4e6c-4f00-ae33-f3eab6f1d08f	7.561301670457731	-6.347671117826526	ER+
e9e3ef52-f293-4fd4-bb8d-c80b8d580e90	-12.285736323395522	11.164540562847376	ER+
7fc6cf7d-67bd-452f-b55e-3adfd7fda590	10.848971181129576	-0.35235804425903183	ER+
10f2c028-06c5-4560-9a52-dd76a227b891	2.0307071758981285	-13.40711909309625	ER+
c392b91b-1f08-4e33-9ab7-42ec0fce3b92	-36.562820882446864	2.227562335529053	ER−
933ea2ac-b473-40cd-ba4b-e8ea5c3dea92	-8.047704907630072	-8.670094515013098	ER+
d040ba3e-165d-49fa-89be-1668d24b7294	24.62725075199747	8.84537948754375	ER+
1200af21-94cc-493a-85bd-70cc56f50497	28.01520596452775	-2.1687445365700633	ER+
f014eca8-aa22-432c-b1ef-3113728b8899	-27.07609164542127	6.895211712160033	ER−
30774cd0-6f55-4e04-ae96-dbd729702499	-42.74151188618634	4.2943455554215015	ER−
af27fd0a-108c-47d2-9f87-665bed408e99	-15.74153081278531	-5.4152067517189995	ER+
0bd2d9be-9c78-4d37-9684-c912bb10379a	28.8694288561935	6.292991868945296	ER+
421c51e1-ba5f-4ffe-b4ed-39303113709b	31.233049043628288	-1.0750021411571657	ER+
47ac991e-2472-4613-a0f0-fc4cad42bb9d	-0.8581969131078984	9.345585909717673	ER+
a7589115-6759-41f5-acda-185369ae599e	-39.0355161525253	6.293934241618707	ER−
7e87cd79-d38c-448b-8d02-018b1e7efe9f	-11.867344995467974	5.452138827599046	ER+
2f5b0acb-4bb5-41c8-862f-6ceed8f498a0	-10.450928316494075	-0.949564952647486	ER+
fcc10778-9575-41f4-bf95-4a97f7c58ba6	30.221537338872253	2.6207621304680715	ER+
3d669a28-e601-4579-a05d-8c58b76587a6	6.714413880393738	-5.019998274907928	ER+
3a0e52d7-eb47-44a7-9c30-83bb42841aaa	-9.526393674365567	0.018594145091583743	ER+
31d88855-e509-48ac-818f-f817ebfb35ab	19.821275734643347	12.571741186869309	ER+
62da0a5e-df20-4422-b54a-53b41d9c3aab	-17.362979765772558	8.076877359548135	ER−
a82bf67f-6b69-499a-8631-4101be9ba9ab	-8.952851886303542	-1.962747779293999	ER+
f405cd29-4016-415b-9546-02da179a97ac	19.546341071762434	8.683485709644373	ER+
0aba5a33-4257-4bad-9f28-db606d81e2af	-12.441717461052198	-2.261839896386204	ER+
57dabe72-0950-4301-be03-262f3916dbb1	-41.01658165163517	-2.3732322266570844	ER−
bfeea30b-9df7-46bc-bc83-3bf1ede95eb2	-13.381740951825721	4.315499017402903	ER+
9e8f1f6e-8115-49a7-a208-3a6308cfd2b2	25.343834683058702	3.4400014920182076	ER+
f59c167d-5cbe-490c-8320-20f900c3dcb5	23.316708121525874	1.6322673775171361	ER+
2f86d512-9177-45ac-b724-bbc31d83cdb7	10.063713336492322	-1.9487977056644752	ER−
9efb4d56-8ada-4280-bb76-b5746e4335b8	-38.66871610113081	1.8779254136257642	ER−
842f6668-669f-4e7d-89f6-f6da627297b8	-35.96238094245253	0.07441693576709367	ER−
b906958a-334b-4e82-ad9b-0b94dbf8dfb9	-15.274455383128922	0.41141921985988256	ER+
be04fdc1-6eac-4877-abf3-cdec248eebbb	15.918466894262792	-10.535613780021338	ER+
29d55f13-d78d-45f1-8fdf-65733c69f1bc	17.63667704787677	-1.012658931347675	ER+
79a8f606-9a9b-45f4-99e2-61b8498ab4bd	23.612765808733876	1.4173052098325065	ER+
cac793ee-a0fc-4fad-88b4-593205694ec0	2.49997990331337	2.5078642854813866	ER+
d6d374ce-aafb-4388-80af-900a9d19aec1	-13.044806030488184	12.752129063668722	ER−
0cafa6b8-fc3d-49ea-acc5-1e75eec10cc2	20.395335526581796	8.687638266585745	ER+
1d673a06-1b44-46df-80f3-d8a9f61da6c2	-14.57554628304233	-4.4229994903623915	ER+
5e4afb9b-9141-40c1-a86e-42d5b74930c4	30.240364917383886	2.6858203520404094	ER+
f0d0e2f8-7c5e-4042-a505-8f17313689c4	-0.23246284050231458	-2.5844931087680347	ER+
0ca6b5a8-0b1b-4615-adb7-dcedbb3db9c5	-12.017386737920164	10.249581248047127	ER+
ee24dcb8-2927-42d4-ad8c-588ea01a64c7	3.1853064526526143	-14.703673973106396	ER+
0f8369f0-a35f-4327-8f7e-cc089c899fc8	-29.6018937060436	2.9100405598888885	ER−
a1f8a4ca-7598-498b-9bc4-95a1b6111ace	-13.864158243961427	14.287789409911227	ER−
4bd3228b-e994-414c-bade-1b4010637bcf	-8.97144985528925	-2.6274775647336406	ER−
4845b96c-4325-44ae-ae47-66aad04fbbcf	9.525759534659667	-7.985750706783187	ER+
42202af1-6414-4509-995b-21edcd2cc2cf	10.130425048843053	-6.7617953031787525	ER+
596736fb-5fb7-446a-b8ca-53f0129f41cf	31.146530277526253	0.4031989100195733	ER+
aebcf532-fd91-450f-a48e-d6387f2754d0	-7.315140176920717	2.8273603280293877	ER+
84b05220-4e28-44ae-b6ee-6018c0dbf0d2	-2.114872099724995	7.834291479437195	ER+
4348dbe3-3fef-462e-9e08-160c39e5c0d3	18.07890470069673	12.166081890989819	ER+
2f420c49-bc14-4b1a-a8d7-3f0f27c0bcd3	26.152957590027075	1.3579852216659094	ER+
88b6f48a-95d0-4ea7-86ef-52efcf82ded6	22.980910363045755	4.196048737717749	ER+
eb1f9845-ff0c-49d3-a981-94a634e8ced7	16.203971669127338	-1.2199909855504576	ER+
16224588-db7f-4140-94d6-d9793b5fe9d7	20.234055047511887	-13.685137945152814	ER+
00f24662-71c8-4939-aa6e-0427038545d9	25.63841477530528	5.791455177199091	ER+
50a7a07e-b452-466d-97bf-978c4f9c47da	4.257635622372543	-4.998040432058297	ER+
10d5bc48-f79a-4487-b5d0-2d6c98a9f4dd	-43.17680278686939	3.0577974023692995	ER−
aa01abcb-555e-4ad6-9346-8f76bb8e00de	4.890934156042778	-8.90429754122362	ER+
a664b550-4b77-4b1e-bd11-62c4f73073df	10.54657075519291	-16.92784085656572	ER+
1e347c7a-fbe8-408d-8014-ee33869116e0	19.563197955067093	12.546815340476199	ER+
c4ebe992-1682-4f4c-b05c-5a47d2c673e3	-18.209355103866024	7.756671129369263	ER−
de5343a8-53d5-4fb9-b54d-bbe144cf2be5	0.9977985826521619	10.305240277296859	ER+
43d0f325-fe4f-4f1e-81d8-1489b48f7ae6	6.14285283126746	1.2202292528082657	ER+
b8757a4b-548e-41bd-b0b0-f7a8658aafe6	20.042083339214695	10.676009257557194	ER+
afb1af04-c647-45b0-aa67-81d5a71b32e6	-9.301438829358053	7.181525772701072	ER+
a81e5ef5-c201-410d-be73-63f273dff6e7	-15.512942745804857	3.0482216894507896	ER−
483beb1b-6edd-4954-8324-ba2e7cb8a9e8	-29.666566086404032	-0.7868573656419353	ER−
66a84dcb-3211-4a15-84d6-ba0d59faf4e8	9.274698636336066	-5.995068034539756	ER+
98e09c59-13e5-4085-86d9-873dec99dfe9	0.994462741904368	-14.05852922487672	ER+
271fdf23-1cd0-4659-bd24-51e170445ae9	19.59081002262514	-4.941306480146962	ER+
0725ed55-cac6-48c4-a632-e5147720e7ea	3.037242061783678	4.851993796675422	ER+
3e751a3d-573e-42e1-a361-6303669fb7eb	-44.240718418656414	6.476212019447951	ER−
0034ecfd-ca94-4615-94d2-e950a2b240ed	6.825658350704864	-2.619939152779548	ER+
3343fc79-fa17-4319-91ac-55f2d2e74cef	19.237104637945716	-1.959827377233539	ER+
08ef1297-be9e-4f71-b565-0552389144f0	8.238051346032341	-1.4890210733176175	ER+
b83fd35b-e997-4a3c-828b-3c90248b23f0	-13.32939361270086	-2.730636827756485	ER+
641a082e-5ca1-48f1-80e2-f7aab53611f0	11.757382006003798	2.455975779605221	ER+
88a0e401-3507-496f-a4e4-981d089beaf1	7.466798442324462	7.636380456972052	ER+
796ca6e7-2be7-4862-a5e7-6b262ba099f2	20.838181230961755	-2.8718456581825476	ER+
42a0ffc5-0804-4b82-9c18-50df23f21cf9	5.851289246472731	-4.561122065797691	ER+
d7ff2e3a-5472-4413-8c28-0cd76e3c2ffc	-40.79543580368181	2.253599722761472	ER−
81148a24-a1bf-45ae-a0bb-709cccd728fd	-3.82063270516219	-0.594677376548303	ER+
32275981-2069-4fbc-b0f5-8b879dd13efd	-4.413534215627199	-1.92898891983612	ER+
096c96df-4740-40c0-864c-3873ccc57afe	-36.20384938454813	-2.908883410755753	ER−
f86bce61-6748-4f0d-b56a-c30bd71eb2fe	22.26986691243894	-6.181761369428213	ER+
0188e5a1-2b0c-4fe3-9280-07052d964bff	15.421924144382608	-6.739904549879364	ER+
8a72416e-242b-4482-921e-88fdae3c17ff	-12.639322205666062	14.480207599910948	ER−
8d0796cc-648d-4264-ada1-fd4e9dfb8c02	-3.0151375615300045	11.574138484796118	ER+
a9237a7a-3c6c-44e7-b2a9-b2e4b1a45b07	-34.734502962172655	4.111399835058646	ER−
c07800c1-91b6-4612-9831-f4f6fc6cf318	8.813312338886067	0.6265950400866558	ER−
65821138-c294-4af7-b2eb-f671b3f3ba19	12.652255272936356	-1.374452787126413	ER+
3507cf96-965a-44f3-98f3-d8adef372832	25.099615023365637	0.07933527765310174	ER+
64f561ff-896f-44ae-9807-2a299c81c633	25.513533111920204	-1.4253901822668642	ER+
91714b41-6550-4638-bc95-bd9bd8163f37	-35.548972166042404	7.8549576587468755	ER−
b33d0b10-4c33-4001-93ff-a5ffa2aa353c	27.513608398835736	-2.8198594173257128	ER+
6a2e15d6-5304-4d3e-a18c-bac86e50133f	-35.398535229995716	6.377018863174495	ER+
e2ab2cad-67a8-47de-a775-8dd9461f1f41	8.159742967471374	-3.8309858036428603	ER+
ab68528c-cf90-425b-bf92-33d5e4c54345	-9.243781343243539	3.7434936473450318	ER−
155e54f9-9791-42e7-9d6a-26c1d09e3948	23.639108361504366	-10.729635373199613	ER+
0c5866d5-41e9-4a62-a84e-5ad63879e249	2.1002776841126454	-4.858276179690486	ER+
a1eb28f4-2621-492d-9e0c-fde3749d464a	8.050653292496854	-1.7908562888219794	ER+
e634b7db-eab9-4986-895d-d9732c681c4b	7.284873119230297	7.758167601039633	ER+
c6fb2026-b740-459e-9831-93279bbf354e	12.77625790403687	-7.284813893857908	ER+
50802536-2841-42cf-afd6-4c90151b7e60	14.546409760163362	12.968440911284587	ER+
f53a9c63-1af7-4cbc-b8b7-4aa7aaed3364	4.6406598779308235	10.094564178688424	ER+
18dd7b03-138a-4c36-88e1-aeabb3760b66	-14.5563069315965	13.33084542481382	ER+
ec6f630a-8f81-4170-b41b-97d9e4582b68	-4.6613139653982465	7.649731593886647	ER+
c02ba2eb-4a4a-4ea6-86c7-5c6f999a606c	-0.8437812141699137	-1.8046000632237211	ER+
2944109a-96b6-4607-8d09-291aa680a16d	10.303889859305606	-9.85663630471174	ER+
66d8eef3-27f2-4439-8f1b-e0665811b06e	19.726421005369875	-7.086535379533018	ER+
2bb0e784-10fc-4978-b5f3-bfc197438175	-34.41625342382368	4.435217628381908	ER−
babcc02f-9aa4-468f-8829-e605afea8c7c	18.814551636809572	11.116148053580824	ER+
b5483af7-880c-4029-9c5b-90eb97408580	3.0038617991205125	-9.664723517915444	ER−
0783ff5e-f78d-49ac-8f8e-fc27c3673f81	-5.7563342015988015	0.522855959823211	ER+
6595a271-8731-4e64-8033-2bc24907b585	1.217786153876824	-1.4519391907574228	ER+
f2891ace-f170-4dbf-b23e-a7cc21414786	18.654745273426904	-12.496927337409367	ER+
4adca409-be37-4ebf-a9b0-c80f587e2088	14.529088808105424	-13.46178271385007	ER+
fbb65b75-a831-4616-8d6b-adba825a228d	29.190086784955042	-14.92694814145592	ER+
534b9e41-b731-4461-abea-30096148a493	18.603646305821094	2.673238296285731	ER+
9d74471e-2f64-42aa-9d51-339a4d7ea49b	-33.88115157454542	-2.0698553716709753	ER−
dc41e93d-7e9e-415f-9de7-349931d6dea3	-5.599897585939152	-7.924625926942896	ER+
a442a0ee-153d-4033-af62-86955f3055ac	20.055905972758456	-10.166380553616634	ER+
fbd43a48-c880-45ff-bb6a-08f922de93b5	17.68281130052136	9.683046126309979	ER+
2ef74f93-5da2-454c-aca2-d86c289eacb8	20.45513690478911	4.075060085191652	ER+
5e2d5c52-596f-49bc-967c-42129abbacbf	32.09879527628948	-2.0380551940771476	ER+
5752f686-d7e4-4e4e-ac16-5b66dfebaec9	-1.9081728714034334	-8.186774645212761	ER+
c296b101-6634-49c2-90b0-39e5d86d1fd2	-4.348448882152991	7.778617588432911	ER+
d91cdb44-f946-44ad-8100-026e9da98bd3	10.375020248475348	6.584579950920101	ER−
c66d011f-8a84-4240-aab4-0c10719f5bdb	2.305928875123407	-4.582957585717392	ER+
20eaa6bd-ad88-4b32-915c-efd54c7ac0de	23.28676245939246	5.889280459121322	ER+
95598eda-ba98-4c1d-951b-131e149989e1	-42.556708827452205	5.09560849063595	ER−
60061f42-311a-4890-bcbf-4add272aa5e7	29.78563336207213	-4.462117284386986	ER+
be4c9ae8-0b45-410a-bb06-746b10cdaaec	34.89183748867537	-1.8941327117528581	ER+
8607f343-5c54-4112-a8c3-ec1f0a48f4f4	17.12593532811863	-13.984655846580203	ER+
d1b716e8-e4d4-4089-b46a-9892a8be55f5	-36.3645113063051	8.06933936614744	ER+
98b23744-92f7-43f1-9c6d-328adf4108f8	2.839656715339708	-0.8590227170905175	ER+
627ceeec-42c0-4104-a134-a6e4a7738bf8	25.08881653345166	1.5047515572721155	ER+
dc2086bf-e50b-49fb-b31e-93b4fdc540fb	21.200292281309377	-11.919252246721266	ER+
bd879832-e177-4fca-b1ea-d1553518e700	29.311364143578373	1.3563511028591493	ER+
03737fb6-a59c-4618-a4e5-5fc657e42900	20.731465509951388	-5.79694615932534	ER+
9d854730-923d-46c5-9fc4-4d6610ae9d01	6.068478336217763	2.1074542379976764	ER+
b3382514-ecef-4a68-90e6-0e224ef11f01	25.411931857927506	-3.2611613676616042	ER+
44daefc1-eb50-4fad-98db-7724c1e2c201	-43.35703091301001	2.433462970634428	ER−
29f2019d-5a69-497e-a7ff-73dd35fcaa01	-4.3314074671716565	3.5047315481643424	ER+
cdec90ec-016b-4c68-82aa-7ee297188b03	1.5079910479522565	-8.229806235454655	ER+
35f6a061-a257-482a-8a72-6e0bff199503	16.21196077639716	-4.656825875027482	ER+
839ec959-1497-45dc-8e46-b5c285215603	20.67551090772833	-4.08538054580114	ER+
8faa604b-bdc4-4481-89a7-0ab6f4839c04	-12.98979817549682	-0.5892914528781956	ER+
bc922f18-a6a9-4f1c-b3c9-c7628ad04a04	18.245792577365826	-8.40777798125665	ER+
4a052df5-38bb-4e2f-87bb-bbde3c959304	27.095884262994783	6.382423338793483	ER+
a9da8022-ce84-4c1f-a483-c2ef6f085505	20.591851371784383	-14.013511403144589	ER+
0fa547f8-cedf-46ac-9d8f-5498dfb6ea06	29.210725570127128	-14.910262420607529	ER−
6588314e-69e9-44dc-b7d0-0966c1833608	-30.30254455316223	2.6548098795288757	ER−
39ecb041-7ba9-428b-8d8b-44a06d50e309	-38.383835118067665	1.2140898653216885	ER−
6418884f-19d9-4101-a35c-6f1f43a4690a	0.8371474412323032	4.341423589064595	ER+
1ca20860-4a2e-4d34-a479-5b56facc2c0a	-38.53222525174906	7.065036011200202	ER−
d7814767-c4ec-43ce-9cb2-646941b2870c	10.22583581196694	-16.70841508804758	ER+
a39b6b48-a0cc-49f4-beee-119a5777ac0c	-0.8516141494996882	2.056184448533549	ER+
072bac5f-4e09-4831-9c32-f42b94c4b30d	20.425745799553148	11.9658264472138	ER+
9a2c9224-ec66-4560-b909-08144c67e00d	1.6060055541592566	-9.119472286662502	ER+
2a7d9ae7-6458-4e34-aab2-212f2e62030e	2.4203995181649045	-5.815597136270945	ER+
5cdfaf15-5227-4917-a66c-2447cf9bc70e	11.583909746181396	0.8760084685274135	ER+
5b880794-58ab-4b72-9913-6afc21d9110f	23.07629905053492	-1.6077489602387924	ER+
972a70ec-e428-4609-893d-6128a4d62811	4.800543786560029	0.06061200130610124	ER−
d0213ff6-3b56-440a-8d5d-53f6e6c70f11	20.689726458725943	10.827334514207946	ER+
ae15cbbe-2658-4d9a-ace3-4609df63f512	10.483166843614544	7.574158219411358	ER+
181a26d8-ad25-40e5-9703-66d771b42b13	-29.359808327713484	3.0989685686897537	ER−
9d614398-19ae-40b1-99b6-c1099af43915	-4.457497228015714	-6.260632797939209	ER+
80b4e7d6-c931-426f-810e-b6059d2c6f15	29.20436959285836	-5.363002645361894	ER+
42aaae48-01cc-4010-bef6-ccd49202e816	9.932253973479238	-1.1648618815803675	ER+
cfe5897c-b243-45e6-8b2a-1722edcde416	31.06511094887255	-1.006223138280147	ER+
1ce73491-493d-44b6-8ab5-705f10f5df16	20.636585366893723	-0.7366878400344671	ER+
9e8b9fc7-ff0e-4e2e-aa8b-697a995a7317	4.330052800353705	-1.872129745528219	ER+
12fd30ff-4d3a-4920-bf80-f44132824017	-14.943799614198557	9.342830845533536	ER+
714144ba-cb6d-4f15-91a7-e0873ee4dd18	27.3251386666908	-2.6423017152209822	ER+
9b91cd27-5869-46ab-ab80-9eb52ee29e1a	13.865418798579078	7.8027446645385234	ER+
6198b84c-490a-426d-a43e-afd8be5a211b	-4.307500916558806	0.2337216957885599	ER+
1b04b428-7c0d-49a2-b08a-072fa715ad1b	-9.417726104948311	3.48637645275934	ER+
8a397cf1-08c5-4772-9dd6-9c4b6fdece1c	-37.05051254948621	2.476258685935809	ER−
bcc71ff5-8729-4e6b-8c2c-471f80a4f91d	23.41221878082585	-8.301502353249482	ER+
f582b945-aea1-44dd-b29c-5b9bfd625b1d	-2.9226996757552683	-4.862360237635834	ER+
bdb30060-c2cf-4c66-ab80-3da009a1161f	14.369901035935097	-5.716163003520264	ER+
0a770cd6-c9b1-4cc4-9e31-1f8a820c5c1f	23.265647046000264	5.379321925514353	ER+
039d56da-2740-4fae-bee7-ab7f5bba8a20	14.251845876917072	5.8541545126421815	ER+
f0312eb5-191c-41e8-991b-d070f67aaf22	14.488559044168694	-2.194312894460084	ER−
90efd0b1-6cba-4860-92db-6cd6f04c8422	-8.310256670110924	-5.947453332117919	ER+
564d1bf5-f530-4f68-a8d3-23ba2f637d24	-10.379146346771241	-6.90559477043555	ER+
e6c48482-0ad8-4b4c-9fb9-c3594e198024	-8.042374945128747	0.6431646772069121	ER+
989000d0-fba6-4af0-9fbb-1a0949a29425	6.196838707452187	-0.7154798849152013	ER+
46384059-8ee2-4c89-8a48-cddeaa10ea26	-41.93974953251194	3.0143824888422768	ER−
f9135d0d-6447-4452-8ea8-98dee4610226	-1.953966421012255	-0.03082787913936975	ER+
a6218c31-3caa-4327-acc2-e22344031427	-4.728649598146976	-4.601839862860889	ER+
8d53e953-da0b-4734-815b-0cb6dd129827	29.373614372241978	-0.3327704375358063	ER+
62a348d2-e7fd-48d0-9622-8b485da5e327	18.952899394770164	-14.529517053829846	ER+
601d287e-1f5c-4ac7-a4a4-85bd89ad5327	10.847599532385466	-3.1011155824671084	ER+
b013fb96-a517-46ec-8877-4ae84c01ae27	0.9458296483891556	-3.7170035141944493	ER+
dd6e96bc-ff4a-4d29-a4e7-a9cb1c30c229	7.249180541031359	-2.7864960880744523	ER+
905f2f5b-4bf9-449c-a070-5d2cce702e29	23.162064595388483	4.096518228125423	ER+
77345d95-a2e7-4057-932a-281718d42a29	-0.15275560732355017	-2.5564843203334897	ER+
02580b63-8da8-4a9d-99b7-5747008ab42a	-7.953858995093623	-3.855301447487728	ER+
417cb3fa-2125-42ce-a638-51952c81dc2b	-41.7780979083225	7.825012764518703	ER−
182f11ac-134d-4eb1-a19d-dad086d6dd2c	-11.644088070853194	0.7521786458702465	ER+
eae06b7b-48b0-47d6-9263-0f92eda3652c	-37.04553915684428	-2.93595740482536	ER−
117a3e8a-4568-44a6-baee-9a5ab002042d	7.488007985273997	-8.234198272426609	ER+
17e8321e-7265-486e-8ec8-a5ebb547892d	-3.0234905859651406	-4.506537376211799	ER+
d44498fc-61f6-493a-aa1b-8ce9424c2b2e	-1.917332954042619	-5.235265697787516	ER+
7ad22869-92c5-43d5-b334-9781a311cb2e	-16.812542107900438	5.1124077790893585	ER+
b6d0686c-6f0b-4337-b7d6-e43443a6652e	-7.131516788598365	4.731208535592026	ER+
b2ab1b82-6ee3-4c66-a6a6-6c64cfc6012f	13.43933930939009	-8.139069524294198	ER+
b350ce03-64ac-44f5-8438-b7b8dc3a962f	31.743773653585958	1.2975764810398402	ER+
9121500e-1757-4024-963b-2d875e66932f	-30.877714586862552	4.502959318631681	ER−
b66df40b-0b1f-4852-983f-a497fc14852f	13.139797166947217	-4.098795282750285	ER+
b63edf98-ed66-485d-bea8-9ebb5666d030	16.33066241753922	-8.861041336072576	ER+
bf0969ab-4a2e-4890-a215-3a636e6e7731	23.918674095967486	7.81170964618284	ER−
452e1409-8d75-4cfa-af87-706edf3e8732	-8.658961221325848	2.8018748663252135	ER+
818b0b25-5543-4d05-9205-1899ec64d733	6.400352402719241	-7.649215636121558	ER+
454383cb-3cb3-4b8c-8078-a2ec27139d33	-14.789326906947801	-1.889749040921424	ER+
7ff75f50-b61c-4230-96b0-f711fbc27834	-4.811347106010106	-7.120588056828667	ER+
06b39bb2-3381-4452-8000-ecaae10c1734	21.386076171852046	-2.9069592177174086	ER+
9d4e55f2-fcd1-4523-8879-44f95bc3da35	16.541501217166942	12.898811131972883	ER+
7b7dbea3-df47-4051-8a58-548705a21035	19.831543902049983	-10.33681986769241	ER+
e7c9b0ed-a12a-4f39-bc1f-8ee6ffa05136	-11.373032889827435	0.5417125846004917	ER+
a59040e1-6d0b-49f1-b4b3-bd96b0e98536	-15.96973538474317	7.323199621720722	ER−
a4318da0-6021-4931-a583-1087bd2bc837	6.109536539592666	-4.265340929398515	ER+
baf01317-033e-4198-9d66-e91c7fc2bd37	15.654901360808868	8.098337389515496	ER+
05360705-c0c6-43e1-82f1-db17a4f49038	15.17371100995325	-1.9590105995024534	ER+
de7b88c3-e78d-42d2-97ba-1fa023e46539	-13.213278885482923	8.74495279865523	ER+
03b92f89-07b6-4306-954e-a4a52d4a113a	-14.151165880953094	9.031981387985509	ER+
cf2ec046-7565-4bba-be63-1a859ee6ff3a	-4.3282695394397	-7.878623209745002	ER−
7b27cb5e-2f49-49e7-af4d-59918800eb3b	2.9643511586043454	-5.3762470266194224	ER+
c5c2fe8f-7e9a-40e5-b1e0-61bb0f25b63c	-9.736991260194337	1.0804049813144438	ER+
c0ff6201-9bfd-4c95-9770-b122d8206c3d	-40.26856177635126	1.8719085345120259	ER−
36f63b8a-5f8d-41ae-958f-8b142feb1a3d	5.395994468157629	10.01883201996949	ER+
724c1952-4366-4daa-929d-cdb46478d03d	-12.70560212789729	14.793166526839103	ER−
bc9a5294-255f-47a4-8879-11c441093a3d	4.9971222212460455	-7.112756932918928	ER+
dc7c1407-1b5f-4827-b319-810babcb9a3e	-13.821573832629669	11.516359398801635	ER−
fa5bca6c-a84e-4baa-9af4-3304f6364440	15.440384670259073	4.942181551136896	ER+
97c6b590-2c15-446e-b31b-444880489441	-14.081024206862072	-0.4942779414998232	ER+
fca0db35-708a-45a5-8f18-cc0b0a123f42	-12.843276915961269	-1.226416093174952	ER+
07b99b18-192f-40a4-86b4-219eee164d42	18.697617589511147	4.9475039904744555	ER+
29c63350-f03b-4c65-979c-53ae84e20042	1.9608863093187343	2.6997313392242375	ER+
97195e98-3256-464d-89a2-f025edc38c43	-35.94810484312134	3.0884725275366596	ER−
17ca0dc6-8ff2-4d03-adf7-b12ac8c5da44	-34.95857817980893	0.9002270967426376	ER−
a4cecc77-3764-4f27-bd37-d7e76e436944	29.005694352415954	-5.621009436653108	ER+
90f71a59-d80a-4b73-9466-4a5fd6717845	-1.1829435207608714	-11.709911612118074	ER+
e313b1bb-b85a-4dd9-baa8-017bfbd87146	-15.211195722235903	0.6880973685090235	ER+
094703fe-a2ec-49de-aefb-dd1dd3d80f46	7.832503247729177	-4.077307764496097	ER+
80a10e2c-6e0b-4b9e-b3b4-086a7cda9a46	-0.6444442478911118	-3.7509476338708403	ER+
db7fd043-2a8f-480a-a208-912d99ce8848	13.87701453308808	11.66298415360179	ER+
836f841e-4b66-4ab0-957a-5c62be787e49	9.2886883125406	11.205826066869323	ER+
ddda0800-c911-4d1c-b10b-7df641b31c4a	25.178249127930403	3.7668140034281357	ER+
d92aef7c-fa39-4d0a-b003-9067a7f2d14a	-33.687746020287804	-1.623451833288832	ER−
fe646ed8-aa01-4cf1-bff4-1e9198e13a4b	-39.98044001816592	5.877502096473017	ER−
795d478d-e1fe-49eb-92ad-8b1b145f944b	21.14174392512493	8.726198804624083	ER+
38fd8c2f-fa63-4e3f-b803-651c7fc4844c	8.227368882399222	-2.9449201692476334	ER+
cfd5c33b-c102-4f62-b34d-c178342ceb4d	-31.588353396387543	-1.04883328672914	ER−
1d94d213-147d-478a-8e66-767d5c5b044d	-34.64823020810699	3.2122787626679017	ER−
55fee8d3-acd5-4366-ac30-c66225debe4d	-32.985265877768924	1.5712424857734293	ER−
3df0cb8f-4559-40ce-bcf4-4b038929fb4e	-44.053862400015326	4.329422771617676	ER−
9aabe7f6-9ea3-41e9-b763-418bada1cf4f	26.241240766709325	5.73691989526788	ER+
00f7bc18-f333-4231-8d78-338ef77e394f	-10.993182737585174	1.8965866847398913	ER+
4bb7a412-9471-41b0-8974-140d5a2c1750	16.37398780752368	-5.926895884005919	ER+
bdd03456-777b-4e94-8240-cd6b1d4eac51	5.363761472681827	5.615821244760954	ER+
4885697c-841e-4839-956f-cc050578f453	1.4718063532620111	-3.0560712577264897	ER+
a745888d-3960-494d-9bbb-296f515aec54	-41.89622113497753	6.59718856969643	ER+
1ed844b9-60e2-4e6b-aec1-6b9489147a54	7.5574799421683805	-0.2519643723156346	ER+
b8042e2c-b5c3-42bc-9149-e56e952e5a56	13.769491439416528	5.6999906776913	ER+
59d0a0a2-6241-489e-9e65-efbbcc312256	16.13660394038602	-1.3988847202380905	ER+
3551ea04-99f5-4748-8304-6a63e77ae756	3.461430388014545	-4.442116516052297	ER+
0c24c03a-fe76-4fa4-8e63-b3a6f908b256	17.44031340851796	4.3988931940812375	ER+
1b75bbe2-56c5-4979-b6f3-2e79c7642057	4.9891250042169455	3.5630062774739213	ER+
6a0043eb-58dc-4659-889f-b39bfac57258	-5.344429489843366	-3.251142240178948	ER+
6fd76033-7c26-440c-beca-144bd18f7d58	21.502341647525363	-10.469324948024813	ER+
f7b0d141-4d33-4a6e-8e05-08f7cf325459	16.587288417156053	-14.815423139813973	ER+
44047435-3e87-473a-9231-b61fb0d5045b	15.319817269637838	6.284520668193286	ER+
ec9dd1b9-15aa-441d-8d80-d32f663b3a5c	17.299058636031603	-2.8033827912121994	ER+
10fcdd7e-8103-423d-9b4d-85223d9db75e	15.046475220496188	11.589782842312708	ER+
b11edd8f-c129-455e-ad2d-491f80f36a60	23.47561480528431	0.08198339229631138	ER+
0eddef62-9e5a-4ed7-a319-9462514bd162	-34.6219512294346	-0.8463010833365431	ER−
c2864531-cbf6-41a1-87dc-d166ebf8b962	32.33949340734926	-4.993579833257972	ER+
5836f2d8-cb09-4aff-9cdd-45eeaf835262	26.766320640569134	4.114132095619523	ER+
10986c8d-d75f-4a89-8d0f-9842ba9d1263	10.809663587733995	4.27110227909981	ER+
61ae67d5-e167-4e32-9fce-27db9c48bd65	3.46625421181871	-7.541715269686279	ER+
c63b843a-e3b3-4714-a0a2-ab93da5a4c67	-2.509351261668721	2.7771008563644424	ER+
59705c6b-02f5-4e49-ae4c-f2510112fe67	-35.28110693012785	5.095305486507232	ER−
4a47b575-d714-42de-991a-e4841da0bf67	20.640221647150636	-15.876603274834569	ER+
a68dd961-6d02-4e6c-a5c1-5a9f45ca4668	-3.3275384346335475	-6.485010993402454	ER+
6923944c-7d5f-4c86-9eee-070ac00fe369	18.370185382610888	-6.456609039812596	ER+
3abb29ac-deb1-4bd3-9b6b-a220e8405c69	-17.4438524437382	8.870447776204774	ER−
91382c7f-7fec-4369-b1a4-60911a47c56a	30.21211772290217	4.832569432810482	ER+
734f18ad-2dd7-4d08-896a-d7558806c46a	-39.442594201913195	1.017523972668235	ER−
305bf2f6-8d2a-47af-8bc3-17460178a66c	-10.257784821876898	6.542103322939085	ER+
5b527fb2-9de2-419a-9f62-989333449f6c	-41.49544589063998	2.2035986474677354	ER−
7a4c087e-9638-42f8-a438-0f5c4edcdc6c	-3.0764151508475384	7.553740466395401	ER+
117ab6a3-d288-4bd4-9271-47abb2f9c96d	19.00318344139432	10.67973695478347	ER+
cc47585f-e1f7-43c0-bd9a-af83fe879e6e	18.014293803469972	-15.307764989993718	ER+
3de60b02-74ea-4682-82df-ee3ef9aaea6f	-15.714114008938525	2.2336961849887054	ER+
06ec98c4-892c-48b3-9421-a24c33c51c70	-36.41832475359008	5.568286598897641	ER−
64e2fb31-8ac3-4162-825f-a7680f410f70	1.2740297300752546	-7.716781566366978	ER+
679ee059-ddd9-4138-9973-51a583941b71	11.19344699308228	8.757938830733382	ER+
d182d919-c57f-4004-93db-fb1723a82072	-43.77740829801001	7.339254121982607	ER−
abde491b-056f-45c0-b53d-d21f7f12ab72	-37.57324495947345	7.777416709565844	ER−
6a927416-1e12-42e1-8f9d-16a570f34d73	-0.5653640592908044	-15.66408122080368	ER+
a993b87b-f1f6-4703-ad34-2739e93f0573	27.812766092566502	0.5772986604736008	ER+
7112c999-f9b4-4754-a45b-e2c653b94374	-7.1029779827298265	-1.3168831902741076	ER+
acb911bf-1ca0-4d19-b05b-0e6cee15b974	3.523341433360015	1.8285170619631446	ER+
e08f0600-73c6-4144-8af5-ec31097f0e74	-8.835111245032598	-3.879366209747935	ER+
a4967738-7fc2-4270-a149-56e459edb875	-0.48189554182146793	-8.77470538095416	ER+
6506402f-5ab1-48bd-80f5-6d53c1a7f775	-28.123335822995	6.921786315392655	ER−
c6f4ef8f-353c-463e-8069-fdeacf556176	-6.763610209624809	0.5254622580755012	ER+
e0215e64-2787-40c4-a8bc-8c26118bae76	27.99402701856762	2.89340775131909	ER+
54e008d9-5e13-4969-b03c-6655b570ed77	19.56652108904421	-10.860563708891213	ER+
f05c2816-d1c7-42a1-9ad4-ad787b256d78	0.08896580792334907	-7.6574781426931935	ER+
6f77d195-0c77-4860-8142-3cacde1f3279	-14.637847913871235	12.84874425769529	ER−
59c375b4-60fb-4598-a146-5b175c2b8079	-1.9111251712197368	5.902986359235709	ER−
b38ce2eb-7610-45c6-a83e-bbc16a341f79	17.828986430814723	0.04005828844446127	ER+
c90561af-452d-47ca-bc9b-3a0e1eca417b	22.464449647824388	2.875238860548591	ER+
d0027a32-a9e2-41df-9b47-76bc9fbcdb7c	-1.5970295331250324	-6.2866386594505315	ER+
b081b69f-bb9c-4e5a-89a4-2842fe2e557d	-38.37451649192819	3.078046044246581	ER−
dd138ff8-d54f-4a77-aaf7-dbfea3beb17d	18.393708926580246	4.926980168894409	ER+
ee4e1acf-6b66-474b-8f0a-120068b7557f	8.329712567681847	5.366157046008244	ER+
c68a0a08-0c16-4b8a-9da8-af167ab1d67f	14.427031312914758	9.897178888456008	ER+
b7971e42-45f6-4f58-a97e-e6d97e8a9880	23.147737442073137	-2.027778815444302	ER+
2efd38f9-54ae-4e93-9a46-cb7e24be4481	11.471330176254222	5.806202803622137	ER+
cabbce72-a7cf-452e-9dc3-eb48ed23df82	0.44166961838471697	-1.3619936467332427	ER+
ca6d11cc-6933-4eeb-a3b2-b364608abf82	-35.661771237995154	3.0690641542416963	ER−
4cd84adb-81dd-484f-bd75-4ded4b0bef82	-45.352143831977585	5.507513870920614	ER−
1bfa2c76-884b-4bd0-b800-4e4e0918f183	21.717982661226063	10.516782834535524	ER+
04c60003-5d6d-45ea-957c-e54aacac7485	-3.077574277738537	-7.385593282461165	ER+
c6e86718-2005-4b9a-af82-0dcbf74ada85	1.7141998372048188	-14.146948906817041	ER+
c079cc60-a420-4f66-8b9c-32dc51c49986	16.025395298966043	-5.9552287928355865	ER+
4a24493b-b019-4c20-ab5f-9ddb9739ff87	9.857009015370535	-5.571821443777307	ER+
703ea797-79e6-4ace-8717-ff1f3a9bb888	20.0237759882689	1.6730076998445165	ER+
d7877cdd-a69b-4d4c-bb62-d279e18dbf88	-5.550131284891144	10.12024762319569	ER+
49b4cdad-26fb-4b62-aea7-7db13f13c389	9.574652370465767	-5.783404827520279	ER+
dcd932d2-b708-487a-93c1-8485fbe9048a	9.533738549025964	-2.317105296511465	ER+
e2cfc7b2-7c64-4776-bfb8-9682f745078b	-45.46492050613382	5.713951711636313	ER−
c3e23136-7190-4d08-991c-93afacc48e8d	10.851279296100763	-1.5570369096085301	ER+
2e3250b0-d754-475f-be22-9ac2d0c5558d	24.32569654389326	8.302351765989604	ER+
172944fc-5d14-491c-bd4a-f1eaae96a38d	-46.11021133294358	3.199115947067926	ER−
ea38585e-e393-4e7f-a2c1-64b33caf168d	-33.71066055997824	-0.03146550718900562	ER−
46563983-2b05-4eb7-9e15-07487565158f	-7.562030179278796	0.6161921040779124	ER+
fa6ce09a-c597-4223-83b6-39dc39ac828f	21.71258587901845	12.049278132885375	ER+
c55e5045-85c6-4061-836b-5e5068b94990	1.4294566598651275	-8.841849186296393	ER+
75f1e6b3-b296-49ae-b065-b4e39a986790	-16.3614379211923	11.175024030245613	ER−
0776889f-4558-45a5-ae1c-3d8f23cf4b91	23.775890715283598	-10.005164476090787	ER+
7ed6588c-9071-4698-9876-1f7273591991	-3.660630546918284	-4.743412383350436	ER+
4073d568-6777-45fe-97cd-22d8518fe991	11.78399089903083	-5.786629063603592	ER+
bbe71e31-d998-4559-8bd3-06943c89f492	20.674937322771978	-5.440763818879076	ER+
054b5cea-03f3-4747-90bc-12cfbb359393	-2.018293815646882	0.6061241542495232	ER+
ca308e28-e476-4e9d-8e0d-7eba884c4693	3.114440483350174	-2.9178733012422104	ER+
f7a29451-3212-44ff-96ff-6203ce7e7593	0.14037482374996885	-5.5255489752434155	ER+
9e0bc893-3036-49ee-a807-957b90b2a195	-7.183288083333718	-8.739686014074307	ER+
afa6298b-7dd3-4504-9251-b16d58c7ff96	-29.48465092940455	6.1706837527982445	ER−
7725ecef-ce7a-47c3-8f39-4a9582175497	23.77790415336405	-10.52832978684142	ER+
59ad0679-53de-4370-86ac-e3a9605f6997	-31.9180216965589	0.6352762050066995	ER−
f15d5710-3511-4133-b307-43c0e5877498	-3.7735060252502146	8.101044639299504	ER+
1e2b2f45-6629-41b3-8498-321a2e726698	31.56569447556377	0.49880723696454365	ER+
eb667236-8f51-40a0-98e4-e27fa32b8999	-37.635141695622856	0.06982794184641221	ER−
fdbd24ed-a293-4f84-a418-8ab531750e9a	28.35564344796559	5.428735050849333	ER+
03c22fb8-0643-48fb-a09a-6119f722c09a	12.207047446386277	5.851324782138337	ER+
2cc9fd5e-76c0-4241-8b75-0d8c037b969b	15.513126158949008	-4.509885372221202	ER+
4ab84b93-4fb0-438f-aeed-5cec81e6589b	-42.39944696608461	4.697720072251378	ER−
4411941f-9a7c-4bff-86f3-26c959ed849b	32.885537864746965	-1.5371734949465017	ER+
079eaca1-0319-4b54-b20b-673f4576c69d	-34.3645455011352	6.56814784285378	ER−
91a45dff-d6c6-4a30-b79d-475dad0a609e	21.37866928842697	1.7875838915093714	ER+
e6056c84-d3db-491c-aae0-291991c1619f	12.69068644277338	0.9898625884183897	ER+
4dbc7a58-f09f-4209-9686-05884e4668a1	33.1233584111022	-1.6370897254033268	ER+
1f1c74d9-86f3-49ea-bb26-2c09efecc4a2	6.87593867053745	3.483625310302881	ER+
3676ff64-9f37-4ee8-84fd-84131dae04a2	-12.870574588689557	3.016745555191932	ER+
87c9f796-21d9-4b51-a129-0dddc39a06a3	-8.839609426140482	3.1627953929797243	ER+
ea2e8ecb-841c-4224-9468-ed2d649c31a3	-43.746664260614764	5.014654613516234	ER−
d0920958-b342-4844-9fd6-93f3784cf5a4	34.69798119920368	-1.7689699851004594	ER+
e21f5a7e-518f-4e33-8930-eb268fc168a4	-3.759315232359445	-3.8569872035581776	ER+
4d845308-2bea-47bd-bf18-e0b3ebcb81a4	2.505444752502684	-13.02582950640733	ER+
fa17e3dc-118f-4cd8-a79b-236a3776cca5	9.63926280881265	-9.288547578577424	ER+
b8a40edd-83c7-4ca0-a5ef-9b8614e8b2a6	-17.43845330626125	9.220450928473943	ER−
85853af3-27b0-49e0-9e71-478019ae1fa6	-8.694119155922799	-4.567639747376716	ER+
2a54226f-50a1-466d-859a-6c64575fc0a7	-14.725081008345414	13.834442333950197	ER−
26b1f23c-8bc2-42b5-924b-b51f25c84da9	10.900207565042795	-12.603016881724445	ER+
6d611ffa-4268-4c6e-aed8-42557405d6a9	11.072709779396998	-2.2895273966179985	ER+
635263e8-c2ca-497e-a55f-1f938f22b7aa	28.574756618079622	-2.253912540260429	ER−
6559039d-b6f2-4bbb-b10c-dfbf22dbfcaa	14.910902784382355	3.2033403697929694	ER+
56719fb4-48e8-4dc4-b3f0-6aade70276ab	-43.49723863438844	2.342074762841513	ER−
dbecbce2-8aa9-46dd-bc74-06b18bef9dac	12.290747866923716	-10.86199942287269	ER+
dc75c731-6dba-4dca-b8b2-af97db11ceac	35.746471636719555	-2.5188983130506615	ER+
a451ca06-e1bf-478b-9a50-a0d8c3d4a2ac	-39.37215420354565	8.316178129575313	ER−
896a84a3-f8a2-44c6-b48a-dbf887f8f5ac	3.257902531868947	-1.1305141919373367	ER+
37cc38b2-2c87-4add-b8c7-a0d2343448ad	-4.01405335064051	-8.494602892339696	ER+
3d5e28a0-5c13-4049-8bf1-3ff107dd0dae	17.780441792653182	1.566900042593757	ER−
839d7d71-2360-4d8b-a935-67eebc2f92ae	-2.5079891846275677	-5.856736091442981	ER+
73835c8d-60bb-4001-80c6-2a7afd8709af	17.500750659608318	-14.826334509112703	ER+
ba3e03ef-663f-437a-beed-897a2fd80daf	4.654132869553614	-12.04107489781834	ER+
e0f3fe37-09bd-4be1-8ca9-ea1870f6f1b0	-8.442647507501684	3.307291373828381	ER+
8379f24e-3bff-4c1b-bd4b-1e8bec4199b0	-4.321691779896719	-1.7516290282251745	ER+
10848c09-8257-426b-aab6-eedcab1274b1	6.513178110597859	5.581113011822422	ER+
c2e78287-f440-4bcb-b9dc-c8cda71760b1	29.718071051748606	0.15404024977374112	ER+
72ef685a-00bb-42c5-bb4f-4cb52b798db2	-28.96290516207959	0.6055159350498603	ER−
1dd762b5-653d-4516-8215-1ced908182b2	-1.3467468811575318	-12.853036941831032	ER+
41951aff-344c-4b10-935c-6dcdbb54c5b4	0.4836361826218431	-3.595330457787108	ER+
479dca62-5053-4919-9d21-695298aa76b4	-14.946065992540982	14.18201238361937	ER−
1bc37328-9c24-40d3-bb7b-000e0f562cb5	-34.41197065956264	-1.852077078116664	ER+
118b6525-67d8-4bf1-9b6b-6d22d52e06b6	30.134271046828633	5.224939031653809	ER+
2ac38cda-108e-4553-893f-f36211922bb6	20.300822137383815	4.884788178710747	ER+
d3e2d033-1203-4844-8559-aa34763d37b6	27.86157529932018	2.223071858367428	ER+
f158d317-0800-492a-b47b-5b8e2052b3b6	-44.977113691389704	3.9023564610206547	ER−
d9284565-a153-49d8-8e01-a90eca817db7	-42.676585184478384	2.8743140309547646	ER+
ae483bd4-01d6-4cdb-bb2c-1763a5101ab7	-6.5157969841062595	-6.927877018459867	ER+
db4d15e2-063b-4bdf-a410-f574b73509b9	9.336205291735006	-7.539491025796518	ER+
c559d965-1125-4cf6-8205-4286ab6aa3b9	18.455793509239225	-12.458144641243875	ER+
6c837ca9-9e6e-4417-a540-99cd3740c5b9	4.130027150629652	5.81588790319289	ER+
d06d5373-6a1b-474c-9279-10fcb29f59ba	-33.25561826525911	2.345104807192197	ER−
79a4ea16-b871-4932-b1f4-169004233cba	-45.70790825881888	2.63084153792242	ER−
9f6360e2-1df2-4459-9103-5073926e93ba	-7.291444029728418	-2.5436706345795432	ER+
6e218cc2-0437-4d31-8d22-7d15f63297bb	-5.026776564998696	5.755490330888546	ER+
37b29806-fbd6-432f-9a47-ce72bee3a5bb	-17.436862933709726	7.953627582500274	ER−
1ba70680-0a89-4ee5-9a45-32eee0b36abc	-0.11137310647720947	-5.8761856229189116	ER+
6e3cc012-2192-48b5-bd38-92ccda12a0bc	17.365191651771937	6.6343171989982705	ER+
5c1bc8ce-63bc-4151-a9c7-7929d399eabe	4.4662106562716595	3.9993598705164164	ER+
aaa54a0c-f437-4e0e-ae39-977bebd517bf	-37.05618131331162	1.4765913737817316	ER−
babd334d-8eeb-4cc1-af95-c024dcdbd3c1	-11.176473519230255	13.406234853345602	ER−
a426ab8d-d15c-42b9-bf81-a3ca7dbae8c1	-42.569912052461255	2.849229252910827	ER−
71b02059-b87e-4288-b02e-6470d6a582c3	30.988896736769007	6.0688339369943165	ER+
eb3aa089-6c7a-4e61-8de3-2a59bca43cc4	0.15241250525068215	1.9501144334575098	ER+
1e87e8b3-e97f-4ff7-9531-efbbf0b1f3c5	32.7229819539902	-1.0186943994981659	ER+
f39ff3e3-0636-4949-a0a1-9b6163158bc6	27.596985302821977	1.3432296764846414	ER+
385ccd40-d009-4185-86b8-a0fd28e5b4c7	-12.739563407034018	2.2158069149064303	ER+
b3ef58b8-6ab1-4101-9157-84b61953d5c7	26.92533577653924	0.7731837225070854	ER+
cc684aee-6d8a-4074-8474-1c4a48dbc8c7	-33.65084402146516	-0.4119157112858735	ER−
089285f7-560e-4952-8c71-8f0f01d655c9	-16.517325119559906	10.026573065940429	ER−
8e47d178-8309-4a01-9ba7-5a48615158ca	7.090792050400441	-11.706024346587311	ER−
9a756d11-4f93-4a52-9755-c338b21ccdca	21.346461723922836	4.695597825463615	ER+
594d9a6e-ecf8-4fcd-aebe-de81c638fcca	-4.351678198069915	4.652165239385971	ER+
b5d1e2fc-ad5b-4bcc-aa60-0cb94fb09fca	30.31976081551879	7.9287144613483225	ER+
0299b03e-af72-49d9-ba5e-4620e69f6bcc	15.217107438413853	-4.708321583411232	ER−
2437a516-5312-409e-8679-b85bb60530cd	-36.97504288803397	7.026170114408339	ER+
f4a7b03f-d692-4f5f-8401-400b430b17cd	-44.075441816579676	1.762471064212223	ER−
4ea1b1d3-dd62-4991-9119-88c00c6b83cd	-14.37546724936117	4.014270015609893	ER−
c3916163-fdc5-4048-9ac4-bf3de91091ce	-0.026476514758356794	4.247489081087334	ER+
2c2f376a-2aa7-4c45-9056-b612707c3fcf	-36.43815535238276	6.457191540076165	ER−
dfcd07c7-f409-4e6f-9773-e048355999cf	21.335289681328437	-8.160615035665195	ER+
a11f6487-644d-42a2-9f68-e773e71e58d1	-10.828998722915681	-1.690407742134763	ER+
fef6e287-8f0d-455b-ba19-7c48c2c583d2	14.950725105469333	0.23487576494272636	ER+
b5eea321-4e76-4fcc-831e-e03e9c5789d2	-40.92519840264812	5.68367129875917	ER−
1324d8a4-b51a-49aa-b376-e70ce72fc0d3	14.088008254022974	-10.21154144642741	ER+
8782807a-e8ee-4469-afee-966224f6fdd4	-38.03237450067607	-3.2765220896268463	ER−
d2a8a061-6190-42ae-92eb-a145d319edd4	16.304244612684208	-0.6504059252749732	ER+
d79925a7-9171-4fb1-a898-9598ca0b58d4	-13.277731448870272	2.26656715187178	ER+
71b6caef-331d-4331-a42b-4f83dca777d5	17.87185222121035	-3.5281586093269706	ER+
fd1bc717-18d7-47af-820d-7a8c6fdd4ed5	21.924941318762503	-4.57751323270447	ER+
a3099c9a-ed73-44f5-ad88-14ae01373ad6	5.638600123811494	-3.2921842646499084	ER+
681da261-2611-42bd-927d-9cdbb72baad6	2.938638655509374	-0.3230751329267607	ER+
cd86eeaf-d99b-4bd6-96cc-c44a4263cdd7	-1.1770725064286298	-9.992697270365499	ER+
073c074d-a9df-4547-9bfa-1f46c27650d7	-32.7715706943452	-1.7227700952346874	ER−
55a3afe4-8f9f-4faf-92f1-d15a9a562dd8	25.197282809206968	-6.791425009808199	ER+
0f4e859a-50be-454e-9631-7aa4e18827d9	-14.305713173299116	6.600344210965283	ER+
2f42c2ad-bda3-4f1a-b8e5-2d15df2a2dd9	-8.423296165380163	0.15925684423664785	ER+
28170eed-5efc-43b5-bfd8-d71e1b8937db	-13.550280090332341	11.679451469344583	ER−
617f05ae-0af2-48c2-b093-090b3bf51cdb	1.8256076999721365	-13.483371498327182	ER+
1e3b860b-e8bc-4f88-9c52-c982add3b2db	-40.47342986147302	3.2831029343893663	ER−
3092736f-4661-4e1f-94d5-666e795017db	24.193857508225218	-8.426246795615318	ER+
e15d9e11-5529-4b5e-996d-cd2973bc53dd	32.68135093000511	1.503780043735488	ER+
e9e6b5eb-d474-465d-ba5d-3fda6f7179de	15.867119916645752	-12.338142925355509	ER+
39bf9fe5-0385-44cd-a45e-29d432784bde	10.658673918366379	-12.42940476999611	ER+
5742ea72-ed77-4a67-9bae-f3a3d5eb96de	9.319082283220247	3.66476493972251	ER+
27e40510-f244-482e-983f-bbe4a2f85edf	10.756338443939738	-10.350467726078396	ER+
9c7554e5-aecc-4f41-9b1a-5f82541bb4df	23.964447290788204	3.4956513809566228	ER+
d27541fa-68eb-4066-a6b8-6abd49575fe1	-32.447995865387966	1.248794568515051	ER−
1ab92ada-637e-4a42-a39a-70ceeea41ae3	-1.7588286674039642	0.03255029200813625	ER+
c91ab826-2d2d-492c-9b19-bdb8c8cf85e3	23.44895910834084	-3.6747567205428107	ER+
48943dd7-03cb-4136-a6e6-d84a382260e3	-32.10500208654825	1.1535130297181175	ER−
85380a2d-9951-4d4b-a2a4-6f5f2afc54e3	17.533260928728062	10.858968174069357	ER+
682c11e8-099c-466f-bc8a-b09a754205e3	18.32494714923086	2.8324729205771004	ER+
9b8b57d6-c077-4b89-b1fc-b868c9ba3ee4	6.492239808514371	-3.819579404431657	ER+
4ede70fe-c7cf-4caa-b180-01c5035ecee4	14.850862440103544	-8.347701587719994	ER+
d63ffcfc-a31f-4281-ad8d-2fee7439abe4	-7.87993373960185	7.9927428603439505	ER+
e09cd286-229e-4dca-9b8c-ca2340ae1fe5	-15.45491313693828	7.692538114716845	ER−
eacf55b2-27dd-48e9-b56e-f1189328f1e5	-45.02045077154952	4.357684450815301	ER−
d47ce687-5215-4251-8df9-f4223f588de8	19.02098255575058	0.417790984784821	ER+
cf2e531c-2848-4ba7-8bae-3ff6d4dd5be8	-12.758066993978156	-4.506318471918931	ER+
fa75cad0-cab6-464d-8fee-147706c3b6e9	25.239586106774937	-2.9201252516791834	ER+
be81c2e7-25e7-4beb-8661-115b58cf41ea	22.117170956144314	4.401520891955533	ER+
05cd67df-cfb3-40d8-a787-3d09886291ea	29.200202289057753	-14.917910052311141	ER−
0a4b2a06-3603-42f6-9e6d-e5595e86d1ea	8.60373790656855	1.7614036428228266	ER+
42c6e250-318f-4b76-825f-886a54e923ea	25.778084776235502	-4.157567403019735	ER+
58758689-b392-46ee-bf47-47429727e7ea	25.489342778661538	2.9038559652404032	ER+
add7449b-340c-46fd-841c-414f967825eb	4.156830625555642	-3.891884553890407	ER+
fcf73a86-e756-49fd-b3c6-84170665afeb	13.711058944407286	9.829565678611319	ER+
0bfb942b-b137-463c-82f2-fb5737f0e4ec	13.14490223088627	-1.5143037874779355	ER+
673dc7c6-2d80-49fc-b6c3-531e7e045aec	15.958452502015742	-8.882265667978032	ER+
cc4c52a7-57d4-4959-abfb-8ed3b1ba4ded	2.432190394514804	-6.646287909670893	ER+
4909afed-792e-4daf-b002-b47b5b28c7ed	10.83019153239837	-17.092711052568664	ER−
06a9d232-2bb6-4191-a664-5b8afbda25ef	-40.66908836506007	2.0376826795486647	ER−
726c25f1-9651-4d3b-8117-737225b449ef	8.898341789631164	-1.9058858774431642	ER+
e08283ca-68e0-4171-b8b9-51aee0b1e0ef	-44.01769800172216	3.5406656758621184	ER−
7f67565b-180e-4491-9b8f-8184dc4e53f2	-45.93354966787278	3.600051090005919	ER+
8f30f0e6-ce60-480f-b69d-8cd9655ba6f2	9.223940620286415	-3.5953625564291563	ER+
f0037f68-8f20-4668-a8ab-ace38717cbf2	6.7361538207944545	-8.95999346164194	ER+
8cad119d-652e-4d43-bb99-49f90fe5cbf3	-2.2806743999412626	-3.7482890185628124	ER+
61a5786a-1575-4f6d-8b96-75efc78410f3	7.962256047467334	2.548648495853314	ER+
1bd3c6da-1de9-4dfa-b9da-a69c1840c8f4	-15.035670146006709	12.475293758718102	ER−
88cd8f3f-5158-4e98-aba0-1abffcea5ff5	13.706347320250043	7.816746889569917	ER+
192fa453-79d0-4167-8d27-bc3c07a664f5	19.130744923310125	2.4248733308823205	ER+
4e232d58-ed36-4f53-b5be-a9a7ad3b26f6	-0.06685103436427563	-3.741673084635769	ER+
09aa29e2-8d91-48de-832a-859e76bd82f6	-15.77889169224174	-1.610602144977686	ER+
b11d1d98-5a21-434d-bf20-4925315e38f7	-8.030943834433282	-0.9411388365973294	ER+
6199b19a-7766-4a3a-8697-5d90799034f8	14.754077609629919	13.59175868885301	ER+
13e5316e-1323-4018-b21e-10671d1ca7f9	13.723709448735818	2.794162604621039	ER+
d59ae55d-eb0f-40a8-ac23-5f14d3bb3df9	7.867818208552515	1.541406941905138	ER+
0eecc108-eaa0-4723-8342-ddc7f91710f9	-32.965132472317215	1.8900839705520431	ER−
599b0d4c-62d4-48cd-a93c-1dd1fe85abfa	17.111935885118566	-4.451221869836233	ER+
08962894-8a7d-4bf0-a562-5cdfba7e72fb	28.970327705694462	5.356847182138113	ER+
4ce2bb39-0f4f-4cc8-b3b0-5cba38ba6afc	-37.30813910238808	0.4946373314954565	ER−
1701dfd9-74cd-4203-b2aa-b158932825fc	30.036196939123236	3.8512426857434114	ER+
1542ed64-4a8c-44d2-aa6b-712b4145a1fd	-12.070960265276767	5.679383768037799	ER−
f339e949-a5a1-41d0-907a-d254bac5e0fe	-4.577326464381418	-5.260487421158307	ER+
1463039d-7953-4216-9e8b-97f681332eff	-42.76498418797113	1.9505459526113194	ER−
e26e2897-1b92-47a7-959c-53d6bfdd16ff	8.607368685642292	0.5578728669176776	ER+
6f3a1f44-002a-412a-9df2-27322253e0ff	-12.32136155833922	-5.561748490710074	ER+
cc668ff4-1dc9-44bb-8858-1417e8809502	-3.9275275677853076	6.7546802481163555	ER+
03e71bd3-8fc7-4f34-96e7-b0e3a9ac4b05	-44.756094500184986	5.176212329358551	ER−
05127463-a69a-42b3-9635-575a08eb980a	-3.3377380296734205	-3.1375956865631416	ER+
70939556-123f-45c0-b55f-4843adad8811	-8.554816711495878	-6.6618767623973225	ER+
a6e7a318-eaa0-4ac3-8cdd-54efbcc59113	-4.602191643824774	1.6316430694180317	ER+
8bb1342a-2fed-4cba-ad61-5290a05ab615	19.933431583837326	5.656862575435822	ER+
82cd07ff-7566-4360-8210-eb17ecb7591a	-37.32915339013883	4.5026605311895596	ER−
6c677ecd-cc01-4b66-badb-0779b7274b20	-10.228246392599061	-4.378984232713904	ER+
8cf5a2c0-93cb-40bb-8b7c-d07dcd830a20	-29.487789861780186	6.478363334142759	ER+
56e9187b-cc61-4553-8976-96dd64e21226	33.31394672408685	-6.651803207453784	ER+
f265488f-7ebf-4be3-90fb-178543d05a28	1.9704734633683247	-0.4482123345096904	ER+
7dd62104-6535-4900-9865-de45a287372d	18.008731520532397	3.045064121268557	ER+
39ceff6e-a829-49b2-a5a0-895cac8be530	2.746382652073737	-7.548917711625899	ER+
e2a25905-7c92-4e43-81c0-d09268014334	28.977970457027787	-1.7656557008211786	ER+
a8304bf0-ec4e-41c2-8fc8-90949c7a4f38	7.838559943326847	-4.505456457746795	ER+
c4ec541d-8bea-4b1d-8e7d-83b04e349944	11.925391282662787	4.0341923624944585	ER+
35e082f4-aa88-4b71-a9ee-19bd7e4d4847	6.373160237187343	5.491576221488914	ER+
90db18fe-20cc-4241-b66a-eaa3d5391d4a	6.300982526346706	-6.637093963913766	ER+
775d6b64-4d07-4afb-b227-38ffbd154b4f	19.019226155862583	-2.4564495449152397	ER+
34ac430e-2cbf-4047-9a9c-210e7ae24f55	-14.733560541186083	-2.2376740259309535	ER+
8bf7c878-5dfb-4531-ae33-571bb424d359	-6.094570178813509	-1.7373477118342648	ER+
cc7ddd96-a901-4a85-8869-0c7be002ae5d	18.0974061092453	-5.142227765018428	ER+
8731f05e-b6af-4930-97dd-6c933dc91361	17.156536451445415	6.553268879653116	ER+
0357e675-f83e-4aa6-9205-c72c0614a661	10.205519397009553	-16.812896605653602	ER−
8ff6b0ab-c03c-4a06-a851-ebb4b0ffb769	-7.500675793572663	-2.108126598575337	ER+
a004bafc-36be-4084-8ae6-0094194f9c6a	-7.132374360063394	-4.331494381902181	ER+
37b9f568-aaf0-44b4-92bf-6e257ee6f06b	-9.830493953106046	10.438836438989664	ER−
da35f73e-1856-41b6-994e-76919556c971	30.429451525330105	-0.16228135779162808	ER+
611393af-bc85-47f5-b66b-e3ef9941fc73	-29.994004048999233	3.5078277954593657	ER−
6f0df420-9ba6-48d7-91a0-7aa2cc5b5e80	-3.2771639752849984	-6.056156572605899	ER+
ceb674a6-b8ae-4245-af6e-83030d514b84	5.441379027234344	-1.490522893486502	ER+
ebcf23a5-5f34-4434-9619-a4c864ece28b	18.023683413809895	-5.208726894495625	ER+
bb5a5553-b4f9-4c63-b9b3-22a928250c97	15.936819752282393	10.617446134067487	ER+
f5303c4b-7008-44af-8d22-0ba38750dea2	-2.061021914154903	-6.974651759137058	ER+
cf1267f2-a3e9-446a-ae7f-9c8b9fd67ca5	3.5270995770258304	-9.881233848133204	ER+
fa4cc864-9edd-4843-88f0-956aaecb53b8	17.0624020742856	-7.3438090967319605	ER+
997b8112-5484-49ca-bf3d-7aa6cd2fb8bc	-38.99009636160681	0.04527648800315591	ER−
79253a9a-6ebf-490c-b976-505880669cc2	24.187450350935162	-8.429743318774372	ER+
555ed952-dc2b-4c08-8afb-40c386aa5cc7	3.170759237197749	-14.710208562236197	ER+
0d9269dd-b733-4f3f-93d4-58d6d51cface	-35.922475682433394	4.917221172381962	ER−
cb6fc77b-63da-4372-869b-8e46c263a3d5	-12.265385176986545	14.923880763629013	ER−
5b046939-1d30-44cb-998e-5c95716a70d8	2.52073889648432	7.762300935202204	ER+
788e4f7f-7641-461a-b6d5-65f76c2fa4dc	26.24255608084238	-0.8154245940181037	ER+
0fea9d2b-08ce-47c6-b097-a7191eaaffdf	21.42413584446626	-5.075894192714668	ER+
8fff7fb0-88c8-4b49-a0cd-a7c0756090e8	17.950328887425076	-15.942262748725142	ER+
456dadea-0262-488f-8af9-63ca86c8a9f7	23.40758800730064	-4.2561612033708665	ER+
d84bdfd1-33e0-46b9-8895-7d06a2d5e7f9	0.949157958528272	1.1607656542303322	ER+
5b2072ee-b856-45c4-9c14-449654a40600	-13.039633700248979	-2.5921218380751534	ER+
49e91d8f-37a3-4b7b-8062-d3ca8f561d01	27.35196504594577	-6.2774418200414885	ER+
02d1c342-bc77-49cc-a039-39a961521602	-13.942199371270592	1.3697037658101616	ER+
f7b7f7e8-612f-46d4-bf4a-63befa5acb04	-12.311062213582472	-3.331690707600055	ER+
808c3b2a-4b4d-49e6-b60e-2e05f7e9ca04	30.95518178564411	-5.337148516784322	ER+
3c73d820-4cb0-4c21-9a79-aad1bf406706	23.232263249299752	-4.514458229433395	ER+
f6d722b6-2590-4695-814c-0830ef0d9b06	-31.52010344717555	2.5491401610058775	ER−
732decd2-bfaf-409d-ae30-efc76c195e08	-29.509375931449533	2.6696424732236905	ER−
7804f23a-10f9-4ac1-a0fa-b1370fc68c09	-40.67214285091068	4.522678651293603	ER−
d08b9d87-7327-4d2c-8b10-8a3973b99209	-0.9447503658883697	9.187458939080758	ER+
e61e01b8-3719-4ae2-a906-8d963eaad309	21.12748650267568	-8.795625237023145	ER+
14b4bcfa-5b10-4aed-ab47-edf73b252d0b	22.15416876755615	-1.0952360180188998	ER+
0273b169-68db-41f4-907b-bdb54f064a0c	19.55079542405615	6.8268150550778754	ER+
a1b022cb-ca4a-4122-9668-92740016e10c	-8.581884718295584	-3.1409366924299555	ER−
3d3453a8-9260-4bd0-a4e6-a21feabc750c	-13.279199726349301	10.016888658121024	ER−
a03bda91-0936-4c67-9508-4903f84c980f	-43.453880774409384	8.181941314943968	ER−
26c483c5-c691-4756-87cd-30108ff3e90f	29.45529301222784	1.8661280753937541	ER+
58305698-457f-4e9d-a27d-7b8f98491411	-31.26635260241973	0.398101809967444	ER−
f1b395cb-70e2-420e-9e15-1afd66eabe12	-5.840940694291889	7.760905643634111	ER+
419d0065-52aa-4340-9fdd-9b2b15f44412	13.092879423683655	-0.6479797979032994	ER+
7dc36399-268a-4388-ada7-4a56ea3f0712	27.65545188791845	-5.377003977206946	ER+
049dd36f-6e0f-4693-a8fa-5f4042156612	10.973006509407064	-2.3029457579264574	ER+
016952d0-ae1b-4467-8250-fa799e757814	35.539878281044714	-2.540642161589722	ER+
0a71c7b0-ef68-466e-b294-b2f52ed79c14	-39.32959795731234	5.209485765509209	ER−
f5f7b591-062d-4ff0-ab68-73d678574318	2.5926654496817494	13.122105373896487	ER+
dcd49265-d7bb-482f-b1da-d5d4098e9f1a	22.352587334736704	12.282876360542113	ER+
56338cf6-8216-4cec-9a81-bf01d543591d	-13.696793391604858	11.621273206542902	ER−
4ef663a1-721e-4417-89b4-f201c2c3901d	3.256896806929428	-7.875395735061356	ER+
b506ab36-78b0-4b0e-b6e4-e241bba4961d	-13.243389220782976	11.065201646953222	ER−
b749ab2f-23d0-4d79-b35e-f17daa62091e	16.385725086251096	2.256967534999098	ER+
dc8f9745-b45d-4fc7-9bb8-9733a33de41f	21.72646055298729	-0.33697895313895954	ER+
86bcff5a-f4d4-43d3-810b-1b32832e541f	13.93648086103163	-5.573006962752465	ER+
6a193b2e-ea8d-4cbe-8eae-b2486e65c920	-29.474498007008158	4.146838958780779	ER+
a0b6932b-d530-4b47-b1f5-b8429a3d3d22	-8.904657378785322	5.906427723976208	ER+
190129a6-ba80-4728-9638-9e2e1bb7b422	-40.11714373048631	-0.6752746355270837	ER−
b5f328db-3d7d-4b9a-a5e1-639f07865f23	-0.3551457721102397	3.6359592990281278	ER+
3cc6581c-57dc-431b-a699-a479a3fa3823	23.05971997764992	-2.0087144222714506	ER+
8a082588-a4f5-4cf4-8a61-fb1a13582026	-38.83336331669822	6.542728016802526	ER−
70bea149-3cb1-4b6b-9b3a-84c6eb88972c	7.497878200842437	-15.050410919055215	ER+
1874e6bb-c86a-4eca-b16d-58dd5dbdb82c	11.879614024203537	-8.621099316664132	ER+
464746f6-2c7a-4969-859a-77830222752d	-1.856605115077589	-8.185619908953841	ER+
a685febf-4cb8-4eaa-8fc8-859f97fb7f2d	-5.659285947913221	-0.21107062368812451	ER+
a33b2f42-6ec6-4fb2-8be5-542407a0382e	-4.0540616675326735	11.568511568653337	ER+
1d6b448c-1d01-4a8c-8417-b094ec2d562e	-3.179219652112773	-2.722026121867957	ER+
8b948ed4-41e9-4441-9609-adaf4d3a102e	20.9362024955162	3.44807441622692	ER+
5d84f068-72eb-44aa-ad9d-6f8eaa4a8a32	-44.823365623939466	2.7293847647630836	ER−
118d1959-5b7b-4d2c-9e9f-970613f0e133	-29.544253048445857	1.0113259713961245	ER−
21821b38-6786-4078-9918-ec0e877c1533	21.6982608034179	6.029218561355882	ER+
9d241e1b-2375-486a-ae6c-fba936cf5734	10.189297994791223	1.6476016728943714	ER+
8b3b9337-038a-4385-af58-d285a3706234	-4.052118850711668	-8.122056122488303	ER−
d8e7120b-a46c-4581-a4d5-b8c25857bd37	0.9535528086408408	-11.314426039363804	ER+
8236a77b-e07e-4859-86c4-c154f706c239	-1.8888510276291464	-7.057541338514113	ER+
48bd0e00-be54-47a2-9aed-73c0c863fd39	17.637851725423836	-2.680314370497771	ER+
8f055354-92f2-4d3e-b47b-d17aac07f93a	22.394057231387684	4.352791036238897	ER−
04a48065-ea14-4c82-82df-b7784d70193a	-16.346826133046132	9.74971997600673	ER−
27c0eebe-589f-41d9-8bf7-c7da0ed87a3b	5.016914028290771	10.021617684010426	ER+
023cb548-c867-4c61-882d-df26e12dc73b	0.9156575081563296	-6.840017086720676	ER+
8b76dba5-6848-499e-9fb3-611dff72123c	-15.923486744361382	1.1442904093585256	ER+
58fb7633-df82-406f-b4cb-277be8de003d	-11.510698345803489	8.624626870619268	ER+
f26e9388-145f-4c86-bf5b-5dfefae6f43d	-33.739817095614036	-1.2009361181937448	ER−
ecdaf208-d5e1-44b3-a181-cee1d9440e40	0.8383782275365682	-1.5518841454195822	ER+
e1d2bac2-664c-4e09-b008-b879aab76841	11.59963556589596	-17.151720047677667	ER−
7bb7891b-0697-466a-a003-4f9e06358d41	-11.472768488072075	-3.4790853530676236	ER+
775e9758-cba2-4b87-844a-120e56fe2141	1.587023249651379	9.56959367875689	ER+
de5d6071-f5f3-4d8d-be76-a49d92014641	6.2704884287158835	0.9835563005671881	ER+
b614cf54-cecf-44c1-813e-6b036b071d41	19.29272340809569	0.6492806836767696	ER+
a0a07f44-c51b-420c-92e8-65f464db0442	-1.6725374541560514	-3.139995511091814	ER+
24e09ef7-b902-4624-a7fa-1b649e3ec142	20.564335979186037	-16.38471595761923	ER+
76376038-5810-476b-831f-9bb938941243	-38.9450803907784	0.2172637850021735	ER−
bcc79c0a-f4d6-48fd-aa37-4e0d1017f443	26.971705666426477	4.123117752713985	ER+
17899f0b-76dd-48ef-893e-c7e95118b243	4.106183615241885	6.646855833541428	ER+
47129fda-ac0c-422f-b7e3-f293cd1c5443	-0.6202448737696947	-5.492433150283949	ER+
e959e8bd-d13c-43c2-840b-8e19211eb643	25.82893473461397	1.8124179283414263	ER+
ce80ac41-e93c-4aeb-a3fe-ae7c7806b545	21.766103188076983	-10.379392318821782	ER+
d330b86e-5373-49b2-87c6-dc5ed2021b45	31.718457014456067	1.0063732381487656	ER+
29635f4d-3149-49bc-b960-ff863d10f747	20.869064706299767	11.440132851726768	ER+
9972daf9-73b0-41b3-9de3-da946e65e347	0.3769809362316876	1.2337013262591265	ER+
9807dfab-fccb-437c-8ec1-f3a670b24947	2.824867858322725	-2.6330423465236237	ER+
16326873-7589-4840-ba46-6b2995e2dd4a	7.848534128909458	9.354071496788851	ER+
60c90f17-b6c5-4a39-b4ec-a74c669b484b	-0.5494776045033826	-8.46244258457698	ER+
04d86cf5-1b75-440b-9dc1-9b5bb2471c4c	-0.6150622965658376	-2.1708946078212294	ER+
0a858ad7-1c4a-41a0-9747-97c108cb074e	23.226916711888308	4.735591961421884	ER+
7ebc9015-6907-4467-9468-bc1b57c9b24e	21.535042536222406	6.00735027837826	ER+
bea15d17-963a-413e-80ed-828edb735550	3.5222342060271674	5.909324729661895	ER+
e9a9b482-a15b-493b-891c-387e2f327751	7.733908467224925	11.33792245423232	ER+
b8de7c7f-5de1-45b9-948d-cf5df3850551	-4.936946568180204	-6.084403520034953	ER+
faa284cf-abd4-4405-b847-ad06672bf451	-35.84670743642953	4.900199386463978	ER−
6f54f9c0-5687-4a07-bf75-b506752b4a52	23.29264996457196	-4.497343162777237	ER+
d671e954-4cac-4449-8eb1-163e478fe052	-1.0166928027100106	3.7338784781635046	ER+
54f8f899-df83-42dd-bbf4-51d7583e5652	-37.58014297760363	5.631921828041343	ER−
508c73d0-3a7e-47e6-934c-2cc68e00ed53	-37.31791347286808	6.747186074645727	ER+
0e23c7f9-d54f-4a6b-b1da-f28e09c9ab55	0.30359281485129436	4.325571345645158	ER+
ae43ff42-0266-4cd1-8c27-c3a2db9c4f55	7.61710880617259	-15.084513386541058	ER+
8514955c-57d3-4d01-9cd6-da04592f4955	-9.980774014666718	3.3901534671544256	ER+
9065dbef-8bea-4e06-a4e5-f4c422b47a56	-30.08374693811401	3.2543981659466708	ER−
a39ba4b3-40c6-479c-9407-01616194b057	-37.2605273642679	1.4572526177802196	ER−
8c3b9672-d44c-4df4-9912-47f93f0a5c58	25.466187106142915	-0.9318350612172933	ER+
b715c1bf-c3e1-43b5-8480-462f38692e59	28.5505226354257	-4.708812316057303	ER+
00f5f2e4-2971-46e4-ae00-35fe31af4e59	4.627163466269384	-3.2592562084667724	ER+
b8e6b405-7d74-4fb8-be43-73af4abe105b	33.52754216172657	-1.8389696895015257	ER+
08231a66-dd8e-40b0-9aec-850ad057735b	18.623912124340983	8.231115875758817	ER+
b177e48f-77cb-445d-b938-260312ad175b	32.55191877387266	-3.837886615481831	ER+
382d9830-4cd6-4c06-9c87-9a83dd01e25c	4.563408312422498	6.197924689826046	ER+
0d957b8d-6ba2-45c9-ad9c-5756e79f685d	1.126399032515382	7.919083972601426	ER+
9e9d512c-c175-4e94-bdd7-9df6fef2fb5d	-3.966123234476122	-0.639801421323694	ER+
41396ec8-55b6-4a3d-b5c4-ca6bea83b75d	1.3455793008073846	-4.301235473809093	ER+
f454329b-0b6c-49a4-8336-8d6dc0e2d95f	1.4299299210092964	-13.3738678885612	ER+
00f70d11-3b58-4517-82ec-258cced34a60	-31.348928103363296	-1.3389766789264794	ER−
6735b42c-e2cd-4b24-9ac2-5ba1468acd61	17.98708164314408	7.339125466615371	ER+
83f80e90-6546-4545-8b4e-f1bcecf77362	15.027768596331502	11.563848646590703	ER+
444a731f-500e-4c09-8765-d961b0062662	-9.520986580621768	-1.1855019358841952	ER+
2b35585d-b48f-4b09-aab7-d1130afab763	-0.16957552384789099	-6.584898403811321	ER+
cbcb8c2d-0613-45da-975e-1a0196d38764	12.066710058341435	-2.1239687640950007	ER+
62317c69-f03b-4622-b4bd-a99b88d3f665	14.540138795727511	-2.247104445589373	ER+
6e449869-a14b-4fde-9664-6632e92ad565	29.19031103191468	-14.902524811443955	ER+
04bad3d4-22f8-463e-a191-77901eb17f65	-38.65067591080201	3.7073026155272286	ER−
3aef20b4-1c89-49c5-9920-e6fd0bf60665	-16.941642168568766	6.891835526892404	ER−
f53c3d33-7501-46e1-8125-56fb73083b65	-41.35713859949753	1.605619695822816	ER−
38b0c53a-af60-4610-a6a6-360550059966	-32.3413601124662	-1.1645946899854456	ER−
eb9fcac4-2937-46bc-a560-e506412f8966	12.247910432815864	-7.1611677109393685	ER+
22cb86f1-88b4-405a-b20f-a29694950367	-6.850279644546768	-9.199087839385395	ER+
c7feeb6b-05e1-4ebf-8790-4e9060c48367	1.4628816161562692	6.2188600752666785	ER+
0cde4402-e1ac-4b6b-a000-f579f4c2d168	-9.796502941580888	1.1741630552950988	ER+
e286f56a-1719-409f-823c-da63da424f68	4.906972353934228	3.5144952299089107	ER+
1324c50e-3d79-48bb-bcde-28a0e5b73f68	-13.554946353954195	10.681940025438774	ER−
f6287cd9-00db-4b70-aa67-fe581d36306a	0.6094136171599956	-12.548905184446596	ER+
0a7b187d-80f4-4cc7-ad85-f365d455df6b	20.490722514010802	0.866334169864437	ER+
cc52bf35-48f8-415b-8b15-db5d7e17a66c	20.97035408059676	-2.7935422597507737	ER+
7b6863e0-1ad2-48d8-afd6-57e636fae26e	-39.53386336256802	-0.5596804253624375	ER−
9e781a09-cbb2-496a-b3f6-b1b8b514836f	19.686454836297525	-6.933089510018857	ER+
3601ad2a-b827-42c3-b378-443bb3e36e6f	34.124362094419396	-3.3014155572355746	ER+
79641836-8684-4e1e-a8b1-935a6760cd6f	-5.164027780094052	-10.642756271209322	ER+
eacf171d-5259-45ca-ba5b-137a47da4c71	-3.3983042547665123	-6.032562152203829	ER+
6f929eae-6569-4e77-b3be-761606370171	18.63137419783967	-5.747320324749035	ER+
62fbf3ae-bfca-4bac-9051-717e7844e272	-41.72534621391873	5.189772089863539	ER−
01f79f80-1d82-4b0f-9ad6-c0b611f04b73	5.671457292720826	-5.162500678180344	ER+
a52cc981-4203-4027-b978-383bfbeb5f75	9.299704467855525	0.22362040417446458	ER+
59e0deb0-c771-4fb9-a823-6fb7b5cba876	-8.965798738291095	-5.534377552915958	ER−
47761280-913e-4826-b400-f04f85b17476	31.867237973139108	2.0034763888372296	ER+
4378b8bb-c513-4cc2-b06e-8270fed24576	9.044320520500655	4.236893542550213	ER+
5537e19f-1361-447e-b207-329363f9f777	-6.978724258505824	-4.340488005556728	ER+
658f68d0-ae74-4d23-9a8c-146e9a53fc77	-5.897227227809023	-3.126818256372236	ER+
967618f8-de63-4c4a-bcaf-1d14da44d778	29.6627972553515	6.961811044142467	ER+
e07b4c18-8cb4-4006-935e-c5036b5e1879	-37.451343656350005	1.1592384968676082	ER−
709ef230-dda1-444d-8864-a4ebca19497b	23.647197943175662	7.201166041137712	ER+
5b565b8a-68a0-42da-9010-a7f00b638f7d	14.88248290508304	3.057210201298332	ER+
dd4a2ac9-2996-4fac-852c-d4511efb607d	20.5083973201852	-3.730854469748378	ER+
06820399-3529-412f-b3a7-6714c9dd5f7d	-29.879888735937854	1.0260421558988881	ER−
cf6af5e1-ed9c-4cd2-8c29-5d002ef59b7d	2.292707387434538	0.44405382508188096	ER+
a65773c1-18d0-4f48-85e1-380338b66c7d	29.57771520633303	3.764145365756967	ER+
1109f6d7-0ed1-4be3-aa63-71e7da82d57e	20.46917761834885	2.736368817000133	ER+
ba1d9bf5-f4ab-40b0-8e2f-fe406afcc77e	26.70400717106036	0.6722278910981921	ER+
d42b7981-3d8e-4233-b90d-f2b8a9c04d7f	-40.26856318726355	1.634091880856673	ER+
46c4652a-ac2b-41db-a17d-02625822027f	-30.09292187981783	6.710415525933629	ER+
7125b861-75f8-4119-8fb1-2f7b81413780	8.99018755359047	2.1628469462555127	ER+
65a2464f-07e0-4cf4-a1b3-3dda2889ad81	13.660594612492039	-8.673090498175121	ER+
90a48928-0338-4887-bded-6674011f9881	-31.394939858982486	-0.856540146033707	ER−
9e21a804-3f57-453f-8117-4b5262bf8b81	19.986822132129213	1.212008289749208	ER+
45c2cef7-58b5-4e76-abf6-8b88088c6c82	-44.43632768975638	4.906531677812081	ER−
2e125727-43f2-4a9d-8aa7-5d501240c883	-28.373242784231657	2.7736337545885967	ER−
9c3a3cb7-dd86-48c6-ade1-f37455601984	-31.607301862035634	2.111478683676943	ER−
c41c0d47-9ac3-417c-8746-945945fa7386	19.248743949649587	-14.585650452864831	ER+
22a5e04d-a9a8-4c13-8a13-9bdbeb357686	-37.00482251967619	-2.9396585069688803	ER−
e4673254-c59f-4c2d-bf1d-de6f7464a287	-9.796804176727619	-2.699400534135223	ER+
6b131704-d54c-4e0e-9d01-bfee2c59be88	12.990219349093147	-3.817342416310619	ER+
879f6c9b-b821-47d8-85f0-3965c0b16289	27.759005661498882	-0.8972761977163686	ER+
f5afe112-281e-43ac-9662-e2de331f7789	-4.179078779635341	-7.152886051192534	ER+
1a75a0b1-79a3-4343-87ce-15d7aeda5f89	29.109444278131996	-7.263451017771526	ER+
59860a22-dcea-4871-8799-6f91a5d9c88c	10.348553359733383	0.1098911360722949	ER+
8631ada8-2cda-42f7-927e-76a24efa128d	30.132259960991004	4.589814503218815	ER+
e6901976-2075-463c-828d-8df924efc78e	15.797862840727607	6.958658922036557	ER+
0e6ae036-64ed-4489-ae40-55f77089a890	-14.766069364131928	-0.6271445178083964	ER+
d556467d-bac2-4ece-b906-14f542987d90	-5.401049763200444	-1.9335721353428004	ER+
902392b1-7533-4751-a3b1-58955b3eef91	-38.36462012938551	5.822827259174723	ER−
e547aed5-1579-4589-a683-d07cc0e51f93	4.464513599400719	3.097662399479683	ER+
766e0d2f-123b-474a-901c-f3cb25a92d95	18.788466830839646	10.384373281061603	ER+
6eaf8148-9ef1-4172-a7fe-b9fe7d747796	18.66025801138821	11.384664388176411	ER+
230082b7-39ec-4fe1-b3c6-daf35458f396	-29.829484659827394	6.894386215302479	ER−
efa7715f-aa27-4c5c-88b2-0c6b838de496	1.0573412121430632	-5.772959748528519	ER+
5f2b9f6e-a2da-46b5-870b-667885226996	-39.548174973621265	2.4633380368431985	ER+
f2b501a8-2cc2-47ad-995e-4627ae10b398	-2.41611328572256	-1.1123478692337065	ER+
fa07c86d-47ca-4a00-9306-41f51eb0c698	-32.933371528694515	-0.004011282384943642	ER−
d4e6dc5c-510c-4431-935a-62105b691699	-35.217104546385116	1.6585280246989813	ER−
69b1e110-3733-4afc-b8dd-e21565c65899	-0.5964939619466624	-12.203854051488458	ER+
fe8bf22a-1156-43c2-9d96-a409fd4bb999	-33.87658201804102	0.9171441395241875	ER−
4cc145ea-1a8e-4b26-9d22-473466de569a	3.194418497224779	-7.589628416776965	ER+
bca58686-d36a-4625-968b-e837e1f2629b	13.89662503707218	-10.036633925884388	ER+
71f8a28d-077a-4a91-b56e-b035e4861e9c	4.60176331909044	0.26353118228078704	ER+
cdb76c1d-da1b-4c52-871f-9c7f5833179c	-34.47180874093647	4.671269462721805	ER−
a6cfd821-a749-4d12-8b80-927255aad39d	15.920587146412336	8.000232585212338	ER+
7fae9ebb-0821-4077-abbc-bcfe3b139c9d	-10.15169913914394	4.172355436311298	ER−
f3fd3dee-dd68-4e91-8c94-4593c582cba0	15.763728565245808	5.709429411397665	ER+
a7ef5e97-c61f-42bc-a611-926d9ee862a2	26.82346743517501	6.955031780048335	ER+
ef446e5f-0f26-4719-bd24-f30167794ba2	9.104438352789476	1.8580532884160872	ER+
ae0e8653-30eb-447a-ade5-17020d50b0a6	-40.630078418170214	6.185658490204066	ER−
c1e11d37-82aa-444e-9b51-18bc378761a8	17.160343999882766	-11.432038427336558	ER+
bc2b278c-8924-41fe-8641-d5e39e5795aa	27.021056059250483	5.391666897128346	ER+
c8d64135-1b75-428a-8c75-351d32009eac	21.42691208078354	8.628756209233492	ER+
39cd570e-596f-42f9-bfff-3ebab73799ac	24.673452367833445	-13.17155092867728	ER+
d526808b-7bb7-4e14-b5e2-91605bcea3ac	0.8797283972005022	-13.41290698668201	ER+
09cef733-7623-44a0-816e-5668d0d8edae	23.623964924305252	1.1830965872898116	ER+
a8d8311c-73c4-4806-a8ca-d275905fc1ae	3.3619128561949285	-3.377422455305836	ER+
aa0783ef-ea84-4b0b-8ea5-1600a85c9ab3	20.42961834092087	-12.947145931531765	ER+
f5a438d5-ca2b-4d44-8768-97f59f5f27b4	-13.371744725311482	8.778124706648232	ER+
ca3879fc-3b0e-457b-ba06-9a3efcfef6b4	-2.29432113407321	7.333764778800351	ER+
9bffa41c-8d78-4077-9343-a124b370c8b6	29.490056810285314	5.370046900770646	ER+
0915dde6-5839-4705-8d9b-b01a6450feb6	7.919518261330746	-0.7246403475418484	ER+
f16fe955-9a7c-43c1-9f74-3d9d69c5e1b7	3.8785986590167254	-6.918019797924745	ER+
9bd17808-afdf-4d32-91e7-21e3c5ba3ab7	10.628517163364762	2.937594354351491	ER+
6e6f790e-7b1d-4dc7-aa70-84c0680020b8	6.306429190074236	-0.37910967141995244	ER+
00e9cce0-2367-4963-a72f-2a08b143b0b8	-8.038223684049877	-3.5444694310519544	ER+
1835a17a-8710-47c8-b5b3-986cfd50c8b8	31.302477045191722	6.117841554488387	ER+
020873c7-93d7-4eea-b25f-60663417d9bb	-30.806703849884826	1.331643034398401	ER−
0ccc440d-022a-4f6f-a96e-77e0e6c8abbc	-4.949300581073379	1.3847938892875347	ER+
61778a82-2f7e-4b5e-9503-a7ba2ddfb9bd	18.086854650699923	-6.177973137229332	ER+
d89ae0be-8a3b-427f-84c0-6cce2f7b4cbe	-4.9721294369137095	-2.907366468006837	ER+
ec9f355e-90fa-42de-a35e-ec6a2d5ea1be	-1.152210156527194	-0.5863825018481199	ER+
812e8e8f-71b2-49db-ac1f-fa3761cb3bc1	-40.48690157352361	4.274374083310416	ER−
826328ef-7687-4480-bda5-6d49f72223c2	-30.654103879567018	4.437370400074722	ER−
bc005778-f88d-47b7-8e04-ceb9750f00c2	17.39523456099641	-1.3269465373331026	ER+
8b67d4ef-bca7-4184-86c3-9dd50b8dc2c3	33.442633025005506	-6.779300722469977	ER+
6d438075-1443-4b04-88f4-a492ac5054c3	-15.535784271214467	2.726303622015894	ER−
26d52822-b295-4864-a6ac-0ebf1c368cc4	-12.224307206314602	10.506397849113327	ER+
9657c56c-0a9d-4c0b-9039-9dc26feef5c4	34.04779465736713	-3.5534252088198004	ER+
499c6f4d-d346-4324-9892-e5c6922d84c5	0.16672228903885827	-13.586508833820382	ER+
e642d04a-927d-4c33-862f-3a3b86047bc9	11.482539542252166	-17.842014652335802	ER−
dd20d507-013b-4e54-9b1b-0d3b82a3c9ca	-4.29360313074819	3.586398374397176	ER+
ff2a805f-4acd-49fa-b264-1c7d61ad16ca	21.811145125119577	-13.971742768402903	ER+
f5aecb18-93e7-4385-bede-2dc3756961ca	3.6655610755671613	1.0713425217428112	ER+
33f20f2d-51a4-4038-b1c2-d5be14bab1cb	-15.38484759786127	1.964743306524905	ER+
70a09d9b-84fb-46ac-9e22-8d48eb7f76cc	-16.129230914031638	-3.458914745153638	ER+
b1df468d-306d-4483-87a2-f5022e0d31cd	-12.136367906435918	8.668076948057559	ER−
4c49ee0b-5040-47b2-8e78-28abfa0969cd	-31.00074870545893	1.3055446797486654	ER−
26e46808-d736-4b6a-ac7e-f638dc5560cd	11.734860507826808	-5.819451541858522	ER+
ce615155-9b3e-4d17-865d-edc5eea65acd	-6.654629080905313	4.295419259843203	ER+
591c6233-6e43-4a7c-8468-6fcd1ce0d5cd	6.159461178592684	-2.8310525416453816	ER+
12d8f871-c919-44a0-96bc-c95f4fece8cd	-2.357218755927799	-2.2695093221707467	ER+
9905b104-db34-4cc2-a6b9-bf3fcd21c9cd	-39.809451933446645	6.603646026812218	ER−
0195b339-0a12-4163-a281-50e1eae085cf	19.093484416500253	4.533224382989746	ER+
38068475-9399-4769-ba5b-9372a6a810d0	-7.11705854355334	-5.154776117454299	ER+
ebf4b684-ae5d-4410-800e-bf14d32837d2	22.67606664464683	8.368367690672482	ER−
2a2d30f5-0b31-40b5-8dc5-30c659052fd3	5.536180493959252	-7.781111050223783	ER+
671507db-3949-4a41-9682-644ce8fed3d3	-45.968704851037664	4.982490456934158	ER+
3387cf11-ce22-4151-869d-47dd9166fcd3	-10.961969237563064	11.061381431785458	ER+
9a3c1068-d9e1-44d9-a659-4289ecc96ad4	26.577331731002868	-0.8618593704865779	ER+
0c5e4c8f-6156-4d6c-9125-e944e4568ed4	20.640912571367355	-16.20120360825697	ER+
d45da461-94d9-4dd3-b363-5a7bde0f31d5	-5.624087300807005	-1.121704707819774	ER+
4664a702-f6fc-4f46-96a9-c23c87f507d6	32.48104705920184	-3.0717938098147965	ER+
73196141-9852-4610-a3a5-456f66a701d6	-1.0027012928358616	-4.675752209944256	ER+
eae50af0-a23b-46c5-a5ae-a4068dda16d9	-4.163754603049909	12.222458961752254	ER+
19b24dc2-5881-4d7f-9cea-c85237ba80db	4.790538301461692	-8.272163702491213	ER+
7a532ab7-001d-4b99-9d30-dc67b7d847db	-37.492416736909966	4.301710448560177	ER−
bdf8a5c4-e7fe-49e5-91a9-6af6f8070adc	31.766429221359854	-5.224019251141482	ER+
bb329d2f-c41d-4147-92d9-c7b971cad0dc	-12.851924679263904	3.8465213076383953	ER+
e313975f-f2d2-4abd-a5ae-09e85f2e9cdf	-16.302852844466013	7.289179836721833	ER−
cd966e85-84d2-4c3c-9a61-3afc65d4f8df	-14.816138432643774	9.695252050724074	ER−
89a77489-f3c1-438a-8a9f-9afaccdc47e0	8.669970753127332	2.99592988184335	ER+
5324e01d-69f5-4979-903b-7644f3236ee0	28.242892160610694	-1.4635094144851788	ER+
aa87e619-e232-4a3a-926a-4ea8f862dee1	-39.484275498242255	1.0931350266647504	ER−
9decb422-2c34-4d7a-bb06-9f7ecfc893e1	-44.026410589947346	5.295829981185067	ER−
b9f42e36-78e1-4bb8-93a8-18264a48e8e2	12.539861404360586	1.0646018019865384	ER+
03ccc0be-5e48-4577-a4b3-4cd754c917e2	-3.099645281026689	8.795001670391413	ER+
b4f7d4bc-bcdd-42ad-8955-644f2accbee4	12.468937253881498	-7.09580069447131	ER+
42084c0b-c619-4220-a75e-eb9c2496f6e8	-38.280525411981465	3.5157521113330246	ER−
ef9c0189-9d4c-425c-8c21-7739fac91ee9	16.603901032000696	-8.812658878072652	ER+
f1a437bb-9b43-438d-ab32-9a6f15cd1aea	-8.59718103386165	-9.079161598760054	ER+
322d301a-93cd-426c-b0f8-c235752c41ef	14.128228480865197	-5.759259372819627	ER+
a703ba78-a3c0-45d4-bead-30e27ddbc8ef	-11.106511637371316	-3.6079108174619097	ER+
f8571dd8-db9d-448a-aa30-01d56ee892ef	-0.5802846156630307	-6.972303406203478	ER+
7ded1dfa-7de2-4ee0-9dc7-3518d98addf2	18.312706144718565	3.712774396901471	ER+
34a1e6c3-a4c7-4a1d-a707-2d24dd44dbf4	-11.646091600363931	8.8397535764060855	ER−
4a60add4-3637-4b52-9357-aa2fdfe81ff6	-16.247166102203256	-1.973167664052458	ER+
bf128355-3e49-449d-a503-00e678e90df8	1.353708451356174	6.97702335072217	ER+
cf72af48-13ad-4e0b-9e98-4029498878fb	-41.82537287497821	3.328929190290235	ER+
06ccfd0f-7fb8-471e-b823-c7876582d6fc	-11.911281941218563	12.889257008306227	ER−
004e0c7a-a9f7-43ad-acac-52fb44f567fc	-35.9834320288459	1.8846973480660283	ER−
a79dd5b2-f97a-4b24-b762-fea1cd5238fe	10.599363064662219	8.081082789345903	ER−
